municipality,harvested_area,production,value,year,state
acatlan de juarez,1.50,5.25,97.13,2011.0,jalisco
amacueca,2.00,9.20,59.80,2011.0,jalisco
ameca,36.00,64.80,842.40,2011.0,jalisco
arandas,0.00,0.00,0.00,2011.0,jalisco
atengo,0.00,0.00,0.00,2011.0,jalisco
atenguillo,0.00,0.00,0.00,2011.0,jalisco
atotonilco el alto,36.00,568.00,"9,235.60",2011.0,jalisco
atoyac,2.00,9.20,69.00,2011.0,jalisco
autlan de navarro,53.50,"1,203.75","17,041.28",2011.0,jalisco
ayotlan,8.00,75.00,"1,140.00",2011.0,jalisco
ayutla,25.00,79.00,"1,580.00",2011.0,jalisco
cabo corrientes,10.00,30.00,309.00,2011.0,jalisco
chiquilistlan,73.60,339.30,"2,035.80",2011.0,jalisco
concepcion de buenos aires,316.00,"2,048.40","22,180.68",2011.0,jalisco
cuautitlan de garcia barragan,25.00,62.50,818.75,2011.0,jalisco
degollado,8.00,67.00,"1,030.50",2011.0,jalisco
el arenal,17.00,68.00,816.00,2011.0,jalisco
el limon,11.00,44.00,748.00,2011.0,jalisco
gomez farias,302.00,"2,742.20","24,432.52",2011.0,jalisco
ixtlahuacan del rio,37.00,256.60,"3,784.50",2011.0,jalisco
jocotepec,0.00,0.00,0.00,2011.0,jalisco
la barca,0.00,0.00,0.00,2011.0,jalisco
la manzanilla de la paz,100.00,530.00,"5,776.25",2011.0,jalisco
magdalena,9.00,34.20,444.60,2011.0,jalisco
mascota,26.00,130.00,"1,912.50",2011.0,jalisco
mazamitla,188.00,"1,315.20","15,069.60",2011.0,jalisco
mixtlan,0.00,0.00,0.00,2011.0,jalisco
pihuamo,0.00,0.00,0.00,2011.0,jalisco
puerto vallarta,16.00,80.00,984.75,2011.0,jalisco
quitupan,247.80,"1,651.02","16,337.04",2011.0,jalisco
san cristobal de la barranca,7.00,42.00,903.00,2011.0,jalisco
san gabriel,252.75,393.40,"3,392.30",2011.0,jalisco
san pedro tlaquepaque,8.00,80.00,"1,480.00",2011.0,jalisco
san sebastian del oeste,5.00,32.50,520.00,2011.0,jalisco
santa maria de los angeles,10.00,50.00,"1,005.00",2011.0,jalisco
sayula,12.00,74.40,721.68,2011.0,jalisco
tala,3.00,4.50,58.50,2011.0,jalisco
talpa de allende,15.00,120.00,"2,160.00",2011.0,jalisco
tamazula de gordiano,408.00,"3,331.20","41,136.90",2011.0,jalisco
tapalpa,403.50,"1,856.10","11,136.60",2011.0,jalisco
tecalitlan,0.00,0.00,0.00,2011.0,jalisco
techaluta de montenegro,3.00,18.60,176.70,2011.0,jalisco
tecolotlan,6.00,30.00,540.00,2011.0,jalisco
teocuitatlan de corona,0.00,0.00,0.00,2011.0,jalisco
tequila,4.00,15.20,197.60,2011.0,jalisco
teuchitlan,3.00,8.03,108.41,2011.0,jalisco
tlajomulco de zuniga,50.00,480.00,"8,880.00",2011.0,jalisco
toliman,27.00,241.58,"2,415.80",2011.0,jalisco
tonila,354.00,"2,378.40","23,745.90",2011.0,jalisco
tototlan,10.00,149.00,"2,335.50",2011.0,jalisco
tuxcueca,4.00,95.00,"1,530.45",2011.0,jalisco
tuxpan,360.50,"3,242.65","27,691.20",2011.0,jalisco
valle de juarez,37.20,212.56,"1,966.18",2011.0,jalisco
villa purificacion,30.00,94.80,"1,354.90",2011.0,jalisco
zacoalco de torres,0.00,0.00,0.00,2011.0,jalisco
zapopan,25.00,162.50,"3,087.50",2011.0,jalisco
zapotiltic,283.00,"2,660.20","31,922.40",2011.0,jalisco
zapotitlan de vadillo,250.00,"1,500.00","15,000.00",2011.0,jalisco
zapotlan el grande,"1,800.00","9,000.00","72,000.00",2011.0,jalisco
almoloya de alquisiras,472.00,"4,720.00","65,128.25",2011.0,mexico
amanalco,5.00,50.00,750.00,2011.0,mexico
amatepec,5.00,48.60,375.60,2011.0,mexico
atlautla,45.00,391.70,"2,952.78",2011.0,mexico
coatepec harinas,635.00,"9,487.50","146,743.77",2011.0,mexico
donato guerra,165.00,"1,275.00","14,895.00",2011.0,mexico
ecatzingo,10.00,79.00,606.30,2011.0,mexico
ixtapan de la sal,20.00,200.00,"3,000.00",2011.0,mexico
ixtapan del oro,52.00,408.00,"5,832.00",2011.0,mexico
luvianos,56.00,392.00,"3,528.00",2011.0,mexico
malinalco,92.00,610.00,"6,172.50",2011.0,mexico
ocuilan,18.00,174.00,"2,491.50",2011.0,mexico
otzoloapan,2.00,24.00,240.00,2011.0,mexico
ozumba,25.00,201.50,"1,567.30",2011.0,mexico
san simon de guerrero,13.00,101.70,991.70,2011.0,mexico
santo tomas,3.50,35.00,385.00,2011.0,mexico
sultepec,20.00,92.00,920.00,2011.0,mexico
tejupilco,30.00,226.00,"1,851.00",2011.0,mexico
temascaltepec,58.00,546.00,"5,213.94",2011.0,mexico
tenancingo,230.00,"2,000.00","29,488.00",2011.0,mexico
tepetlixpa,40.00,447.00,"3,645.60",2011.0,mexico
texcaltitlan,5.00,70.00,672.00,2011.0,mexico
valle de bravo,80.00,675.00,"6,862.50",2011.0,mexico
villa guerrero,196.00,"2,740.00","42,887.99",2011.0,mexico
villa de allende,81.00,941.00,"9,069.00",2011.0,mexico
zacazonapan,0.00,0.00,0.00,2011.0,mexico
zacualpan,4.00,20.00,290.00,2011.0,mexico
acuitzio,802.00,"3,219.00","41,017.50",2011.0,michoacan
aguililla,10.00,70.50,577.45,2011.0,michoacan
apatzingan,418.82,"2,144.36","28,965.69",2011.0,michoacan
ario,"11,230.00","121,260.00","1,852,424.70",2011.0,michoacan
charapan,0.00,0.00,0.00,2011.0,michoacan
charo,5.00,22.50,225.00,2011.0,michoacan
chilchota,107.07,856.56,"14,304.55",2011.0,michoacan
copandaro,2.00,6.00,72.00,2011.0,michoacan
cotija,740.00,"5,020.00","84,395.00",2011.0,michoacan
erongaricuaro,380.00,"4,560.00","62,652.30",2011.0,michoacan
hidalgo,22.00,156.20,"1,327.70",2011.0,michoacan
huiramba,60.00,363.60,"6,017.58",2011.0,michoacan
irimbo,92.00,662.40,"5,564.16",2011.0,michoacan
jiquilpan,47.00,469.06,"7,035.90",2011.0,michoacan
jungapeo,21.00,172.20,"1,607.20",2011.0,michoacan
juarez,21.00,210.00,"2,659.47",2011.0,michoacan
los reyes,"2,780.00","28,760.00","487,303.20",2011.0,michoacan
madero,362.00,"1,614.00","19,755.00",2011.0,michoacan
maravatio,6.00,36.00,439.20,2011.0,michoacan
morelia,60.00,270.00,"2,700.00",2011.0,michoacan
nuevo parangaricutiro,"5,500.00","55,000.00","778,999.79",2011.0,michoacan
ocampo,28.50,255.65,"3,152.27",2011.0,michoacan
periban,"12,378.00","126,975.00","2,142,600.00",2011.0,michoacan
purepero,54.00,432.00,"7,344.00",2011.0,michoacan
patzcuaro,170.00,"1,530.00","24,174.00",2011.0,michoacan
querendaro,3.00,15.00,225.00,2011.0,michoacan
quiroga,55.00,495.00,"8,019.00",2011.0,michoacan
salvador escalante,"12,195.00","134,075.50","2,087,898.95",2011.0,michoacan
susupuato,166.50,"1,665.00","18,880.98",2011.0,michoacan
tacambaro,"13,000.00","156,000.00","2,311,899.30",2011.0,michoacan
tancitaro,"19,254.00","192,540.00","2,766,562.80",2011.0,michoacan
tangamandapio,611.00,"6,110.00","97,900.00",2011.0,michoacan
tangancicuaro,646.85,"3,881.10","66,754.92",2011.0,michoacan
taretan,700.00,"7,000.00","102,250.05",2011.0,michoacan
tarimbaro,15.00,67.50,675.00,2011.0,michoacan
tingambato,"2,200.00","22,000.00","311,949.99",2011.0,michoacan
tinguindin,"2,120.00","26,272.00","437,660.80",2011.0,michoacan
tocumbo,415.00,"4,134.80","70,764.96",2011.0,michoacan
turicato,"1,890.00","22,295.20","323,494.93",2011.0,michoacan
tuxpan,312.00,"2,485.60","23,327.10",2011.0,michoacan
tzintzuntzan,12.00,96.48,"1,595.30",2011.0,michoacan
uruapan,"12,459.00","124,590.00","1,768,350.05",2011.0,michoacan
zinapecuaro,53.00,271.00,"4,065.00",2011.0,michoacan
ziracuaretiro,"2,344.00","23,440.00","340,099.95",2011.0,michoacan
zitacuaro,"1,043.00","10,746.00","134,949.89",2011.0,michoacan
cuernavaca,0.00,0.00,0.00,2011.0,morelos
huitzilac,0.40,3.52,35.59,2011.0,morelos
ocuituco,"1,455.00","12,504.50","136,667.36",2011.0,morelos
tepoztlan,34.00,334.56,"2,896.21",2011.0,morelos
tetela del volcan,753.00,"7,071.60","74,428.87",2011.0,morelos
tlalnepantla,224.00,"2,531.20","25,312.00",2011.0,morelos
tlayacapan,1.00,7.00,55.31,2011.0,morelos
totolapan,70.00,682.30,"6,865.25",2011.0,morelos
yautepec,9.00,75.60,614.02,2011.0,morelos
yecapixtla,481.00,"4,446.95","47,541.46",2011.0,morelos
ahuacatlan,4.50,81.00,904.50,2011.0,nayarit
amatlan de canas,2.00,12.00,24.00,2011.0,nayarit
bahia de banderas,1.00,8.22,29.59,2011.0,nayarit
compostela,13.50,98.01,473.81,2011.0,nayarit
ixtlan del rio,10.75,174.75,"1,983.50",2011.0,nayarit
jala,4.50,35.10,253.20,2011.0,nayarit
ruiz,6.00,36.00,252.00,2011.0,nayarit
san blas,527.00,"5,818.60","16,140.74",2011.0,nayarit
san pedro lagunillas,0.00,0.00,0.00,2011.0,nayarit
santa maria del oro,44.96,620.24,"6,097.40",2011.0,nayarit
tepic,"1,136.00","8,437.30","54,361.67",2011.0,nayarit
xalisco,"1,166.40","10,368.00","71,075.54",2011.0,nayarit
acatic,0.00,0.00,0.00,2012.0,jalisco
acatlan de juarez,1.50,9.00,144.00,2012.0,jalisco
amacueca,2.00,9.40,79.90,2012.0,jalisco
ameca,36.00,180.00,"2,317.50",2012.0,jalisco
arandas,0.00,0.00,0.00,2012.0,jalisco
atengo,0.00,0.00,0.00,2012.0,jalisco
atenguillo,2.00,11.00,154.00,2012.0,jalisco
atotonilco el alto,39.00,723.00,"7,756.25",2012.0,jalisco
atoyac,2.00,9.00,65.70,2012.0,jalisco
autlan de navarro,61.00,"1,436.55","21,612.61",2012.0,jalisco
ayotlan,63.00,486.00,"5,466.50",2012.0,jalisco
ayutla,25.00,136.20,"2,451.60",2012.0,jalisco
cabo corrientes,10.00,33.00,369.60,2012.0,jalisco
chiquilistlan,65.00,299.00,"1,883.70",2012.0,jalisco
concepcion de buenos aires,780.00,"5,284.50","88,210.05",2012.0,jalisco
cuautitlan de garcia barragan,32.00,112.00,"1,512.00",2012.0,jalisco
degollado,38.00,375.00,"4,355.00",2012.0,jalisco
el arenal,24.00,168.00,"2,184.00",2012.0,jalisco
el limon,4.00,24.00,240.00,2012.0,jalisco
gomez farias,302.00,"2,847.00","33,700.50",2012.0,jalisco
ixtlahuacan del rio,40.00,400.00,"5,671.00",2012.0,jalisco
jesus maria,0.00,0.00,0.00,2012.0,jalisco
jocotepec,0.00,0.00,0.00,2012.0,jalisco
la barca,0.00,0.00,0.00,2012.0,jalisco
la manzanilla de la paz,100.00,565.00,"10,368.50",2012.0,jalisco
magdalena,9.00,63.00,850.50,2012.0,jalisco
mascota,26.00,169.00,"2,450.50",2012.0,jalisco
mazamitla,201.00,"1,362.20","19,892.42",2012.0,jalisco
mixtlan,0.00,0.00,0.00,2012.0,jalisco
ocotlan,0.00,0.00,0.00,2012.0,jalisco
pihuamo,0.00,0.00,0.00,2012.0,jalisco
puerto vallarta,16.00,64.00,760.00,2012.0,jalisco
quitupan,361.50,"2,483.63","46,780.80",2012.0,jalisco
san cristobal de la barranca,4.00,40.00,640.00,2012.0,jalisco
san gabriel,112.75,154.00,"1,451.55",2012.0,jalisco
san pedro tlaquepaque,8.00,88.00,"1,276.00",2012.0,jalisco
san sebastian del oeste,5.00,30.00,465.00,2012.0,jalisco
santa maria de los angeles,10.00,60.00,720.00,2012.0,jalisco
sayula,12.00,120.00,"1,440.00",2012.0,jalisco
tala,12.00,76.50,"1,224.00",2012.0,jalisco
talpa de allende,15.00,112.50,"1,856.25",2012.0,jalisco
tamazula de gordiano,185.00,905.50,"10,836.75",2012.0,jalisco
tapalpa,110.00,528.00,"3,263.04",2012.0,jalisco
tecalitlan,0.00,0.00,0.00,2012.0,jalisco
techaluta de montenegro,3.00,18.30,164.70,2012.0,jalisco
tecolotlan,12.00,48.00,912.00,2012.0,jalisco
teocuitatlan de corona,0.00,0.00,0.00,2012.0,jalisco
tepatitlan de morelos,0.00,0.00,0.00,2012.0,jalisco
tequila,8.00,56.00,739.20,2012.0,jalisco
teuchitlan,3.50,16.70,263.45,2012.0,jalisco
tizapan el alto,0.00,0.00,0.00,2012.0,jalisco
tlajomulco de zuniga,50.25,326.50,"4,668.05",2012.0,jalisco
toliman,2.50,22.50,216.00,2012.0,jalisco
tonila,76.00,608.00,"4,636.00",2012.0,jalisco
tototlan,15.00,247.00,"2,607.50",2012.0,jalisco
tuxcueca,3.00,49.00,498.50,2012.0,jalisco
tuxpan,205.00,"1,493.50","12,765.44",2012.0,jalisco
valle de juarez,22.60,158.78,"2,830.78",2012.0,jalisco
villa purificacion,30.00,105.00,"1,120.00",2012.0,jalisco
zacoalco de torres,0.00,0.00,0.00,2012.0,jalisco
zapopan,25.00,250.00,"3,814.00",2012.0,jalisco
zapotiltic,67.00,536.00,"5,221.23",2012.0,jalisco
zapotitlan de vadillo,150.00,"1,875.00","13,125.00",2012.0,jalisco
zapotlan el grande,"2,340.00","15,624.00","157,968.00",2012.0,jalisco
almoloya de alquisiras,122.00,915.00,"8,390.00",2012.0,mexico
amanalco,15.70,141.30,"1,554.30",2012.0,mexico
amatepec,35.50,241.61,"3,427.60",2012.0,mexico
atlautla,96.00,880.75,"10,676.66",2012.0,mexico
coatepec harinas,635.00,"10,072.50","99,305.01",2012.0,mexico
donato guerra,200.00,"1,960.00","22,220.00",2012.0,mexico
ecatzingo,20.00,169.75,"2,213.22",2012.0,mexico
ixtapan de la sal,18.00,198.00,"1,840.80",2012.0,mexico
ixtapan del oro,77.00,707.00,"7,532.00",2012.0,mexico
joquicingo,70.00,"1,540.00","12,320.00",2012.0,mexico
luvianos,35.00,273.00,"2,709.00",2012.0,mexico
malinalco,92.00,707.00,"6,697.50",2012.0,mexico
ocuilan,98.00,944.00,"8,879.16",2012.0,mexico
otzoloapan,2.00,23.00,207.00,2012.0,mexico
ozumba,30.00,248.00,"3,218.03",2012.0,mexico
san simon de guerrero,13.00,90.10,915.85,2012.0,mexico
santo tomas,3.50,31.50,378.00,2012.0,mexico
sultepec,40.00,200.00,"1,850.00",2012.0,mexico
tejupilco,30.00,210.00,"2,352.00",2012.0,mexico
temascaltepec,302.00,"2,210.84","25,066.40",2012.0,mexico
tenancingo,310.00,"2,717.20","25,166.84",2012.0,mexico
tepetlixpa,40.00,399.00,"4,658.16",2012.0,mexico
texcaltitlan,0.00,0.00,0.00,2012.0,mexico
valle de bravo,85.00,768.00,"8,312.00",2012.0,mexico
villa guerrero,196.00,"2,388.00","22,988.19",2012.0,mexico
villa de allende,45.00,700.00,"8,582.00",2012.0,mexico
zacazonapan,0.00,0.00,0.00,2012.0,mexico
zacualpan,4.00,30.00,270.00,2012.0,mexico
acuitzio,691.50,"3,803.25","36,118.50",2012.0,michoacan
aguililla,20.00,173.00,"1,928.95",2012.0,michoacan
apatzingan,418.82,"2,031.28","22,900.69",2012.0,michoacan
ario,"11,408.00","124,984.39","1,644,687.30",2012.0,michoacan
charapan,0.00,0.00,0.00,2012.0,michoacan
charo,5.00,25.00,230.00,2012.0,michoacan
chilchota,107.07,910.09,"11,899.37",2012.0,michoacan
copandaro,2.00,11.00,91.30,2012.0,michoacan
cotija,740.00,"5,332.00","67,452.50",2012.0,michoacan
erongaricuaro,392.00,"4,735.36","60,568.43",2012.0,michoacan
hidalgo,22.00,160.60,"1,381.16",2012.0,michoacan
huiramba,62.00,440.63,"6,019.34",2012.0,michoacan
irimbo,92.00,690.00,"5,865.00",2012.0,michoacan
jiquilpan,47.00,470.00,"5,853.64",2012.0,michoacan
jungapeo,23.50,194.75,"1,814.40",2012.0,michoacan
juarez,22.00,231.00,"2,841.15",2012.0,michoacan
los reyes,"2,780.00","30,054.00","396,144.34",2012.0,michoacan
madero,332.00,"1,826.00","17,894.80",2012.0,michoacan
maravatio,6.00,34.20,392.18,2012.0,michoacan
morelia,60.00,336.00,"3,091.20",2012.0,michoacan
nuevo parangaricutiro,"5,491.00","55,599.95","755,892.69",2012.0,michoacan
ocampo,37.50,320.95,"4,104.76",2012.0,michoacan
periban,"12,378.00","129,666.00","1,707,061.16",2012.0,michoacan
purepero,54.00,448.20,"5,899.43",2012.0,michoacan
patzcuaro,177.00,"1,608.05","21,580.95",2012.0,michoacan
querendaro,3.00,19.50,165.75,2012.0,michoacan
quiroga,57.00,514.77,"7,027.34",2012.0,michoacan
salvador escalante,"12,531.00","138,168.93","1,812,722.47",2012.0,michoacan
susupuato,166.50,"1,581.75","20,101.62",2012.0,michoacan
tacambaro,"13,142.00","158,696.13","2,045,323.40",2012.0,michoacan
tancitaro,"19,254.00","194,889.42","2,669,524.68",2012.0,michoacan
tangamandapio,611.00,"6,298.30","88,403.19",2012.0,michoacan
tangancicuaro,646.85,"6,468.50","84,802.04",2012.0,michoacan
taretan,735.00,"7,497.00","106,810.51",2012.0,michoacan
tarimbaro,20.00,100.00,950.00,2012.0,michoacan
tingambato,"2,200.00","21,395.00","288,577.78",2012.0,michoacan
tinguindin,"2,120.00","26,170.40","322,990.34",2012.0,michoacan
tocumbo,415.00,"4,400.50","54,144.41",2012.0,michoacan
turicato,"1,944.00","22,264.88","293,314.43",2012.0,michoacan
tuxpan,312.00,"2,563.60","24,164.14",2012.0,michoacan
tzintzuntzan,14.00,168.00,"2,293.10",2012.0,michoacan
uruapan,"12,459.00","127,075.47","1,752,646.52",2012.0,michoacan
zinapecuaro,53.00,297.50,"2,329.50",2012.0,michoacan
ziracuaretiro,"2,370.00","23,755.50","338,382.89",2012.0,michoacan
zitacuaro,"1,073.00","10,828.10","138,199.87",2012.0,michoacan
cuernavaca,120.00,"1,440.00","11,520.00",2012.0,morelos
huitzilac,0.40,3.60,29.52,2012.0,morelos
ocuituco,"1,455.00","14,840.00","112,437.50",2012.0,morelos
tepoztlan,34.00,367.20,"2,937.60",2012.0,morelos
tetela del volcan,"1,082.00","11,180.00","84,890.80",2012.0,morelos
tlalnepantla,224.00,"2,352.00","19,051.20",2012.0,morelos
tlayacapan,1.00,8.90,88.11,2012.0,morelos
totolapan,80.00,864.00,"6,998.40",2012.0,morelos
yautepec,9.00,87.30,868.64,2012.0,morelos
yecapixtla,478.00,"4,342.50","36,594.20",2012.0,morelos
ahuacatlan,4.50,63.00,504.00,2012.0,nayarit
amatlan de canas,0.00,0.00,0.00,2012.0,nayarit
bahia de banderas,1.00,6.30,33.39,2012.0,nayarit
compostela,7.00,53.55,310.59,2012.0,nayarit
ixtlan del rio,10.75,136.64,"1,093.12",2012.0,nayarit
jala,5.50,58.00,447.50,2012.0,nayarit
ruiz,6.00,36.00,148.50,2012.0,nayarit
san blas,527.00,"7,126.50","15,678.64",2012.0,nayarit
san pedro lagunillas,0.00,0.00,0.00,2012.0,nayarit
santa maria del oro,44.96,512.02,"4,096.16",2012.0,nayarit
tepic,"1,301.00","9,447.00","49,045.96",2012.0,nayarit
xalisco,"1,677.00","11,739.00","61,033.06",2012.0,nayarit
acatic,29.00,493.00,"8,834.56",2013.0,jalisco
acatlan de juarez,1.50,5.50,60.50,2013.0,jalisco
ahualulco de mercado,0.00,0.00,0.00,2013.0,jalisco
amacueca,2.00,12.00,102.00,2013.0,jalisco
ameca,36.00,360.00,"5,340.00",2013.0,jalisco
arandas,150.00,"2,704.50","39,933.00",2013.0,jalisco
atengo,46.00,266.80,"2,668.00",2013.0,jalisco
atenguillo,2.00,16.00,228.80,2013.0,jalisco
atotonilco el alto,95.00,"2,067.00","19,425.00",2013.0,jalisco
atoyac,2.00,23.00,241.50,2013.0,jalisco
autlan de navarro,67.00,348.40,"3,485.80",2013.0,jalisco
ayotlan,98.00,670.00,"7,092.30",2013.0,jalisco
ayutla,25.00,132.00,"1,413.60",2013.0,jalisco
cabo corrientes,12.00,34.20,288.62,2013.0,jalisco
chiquilistlan,166.30,"1,812.67","12,086.00",2013.0,jalisco
concepcion de buenos aires,700.00,"4,945.00","33,940.36",2013.0,jalisco
cuautitlan de garcia barragan,52.00,182.00,"1,874.36",2013.0,jalisco
degollado,38.00,354.00,"3,685.20",2013.0,jalisco
el arenal,24.00,204.00,"3,072.00",2013.0,jalisco
el limon,4.00,20.00,222.00,2013.0,jalisco
etzatlan,0.00,0.00,0.00,2013.0,jalisco
gomez farias,435.61,"4,852.70","37,313.69",2013.0,jalisco
ixtlahuacan del rio,35.00,210.00,"2,520.00",2013.0,jalisco
jesus maria,58.00,"1,061.40","19,105.20",2013.0,jalisco
jocotepec,0.00,0.00,0.00,2013.0,jalisco
la barca,0.10,0.10,1.31,2013.0,jalisco
la manzanilla de la paz,103.30,596.05,"4,068.58",2013.0,jalisco
magdalena,9.00,85.50,"1,341.50",2013.0,jalisco
mascota,26.00,234.00,"3,503.40",2013.0,jalisco
mazamitla,201.00,"1,420.60","10,683.82",2013.0,jalisco
mixtlan,0.00,0.00,0.00,2013.0,jalisco
ocotlan,0.10,0.10,1.67,2013.0,jalisco
pihuamo,0.00,0.00,0.00,2013.0,jalisco
puerto vallarta,16.00,64.00,562.71,2013.0,jalisco
quitupan,361.50,"2,558.77","19,649.91",2013.0,jalisco
san cristobal de la barranca,4.00,48.00,114.60,2013.0,jalisco
san gabriel,338.35,"3,230.09","26,652.66",2013.0,jalisco
san juanito de escobedo,0.00,0.00,0.00,2013.0,jalisco
san pedro tlaquepaque,8.00,78.40,497.84,2013.0,jalisco
san sebastian del oeste,5.00,35.00,560.00,2013.0,jalisco
santa maria de los angeles,10.00,68.00,822.80,2013.0,jalisco
sayula,449.29,"4,897.26","53,439.24",2013.0,jalisco
tala,12.00,93.00,"1,440.00",2013.0,jalisco
talpa de allende,25.00,225.00,"3,877.50",2013.0,jalisco
tamazula de gordiano,415.00,"3,630.00","51,984.60",2013.0,jalisco
tapalpa,662.40,"7,120.80","47,612.59",2013.0,jalisco
tecalitlan,0.00,0.00,0.00,2013.0,jalisco
techaluta de montenegro,3.00,17.10,145.35,2013.0,jalisco
tecolotlan,6.00,36.00,432.00,2013.0,jalisco
tenamaxtlan,0.00,0.00,0.00,2013.0,jalisco
teocuitatlan de corona,0.00,0.00,0.00,2013.0,jalisco
tepatitlan de morelos,98.00,"1,666.00","29,988.00",2013.0,jalisco
tequila,23.00,184.00,"2,878.75",2013.0,jalisco
teuchitlan,3.50,22.00,349.40,2013.0,jalisco
tizapan el alto,0.00,0.00,0.00,2013.0,jalisco
tlajomulco de zuniga,25.00,164.50,"1,044.58",2013.0,jalisco
toliman,52.50,585.00,"4,691.88",2013.0,jalisco
tonila,390.00,"2,925.00","30,712.50",2013.0,jalisco
tototlan,25.00,515.00,"4,852.50",2013.0,jalisco
tuxcueca,3.00,45.00,441.40,2013.0,jalisco
tuxpan,787.00,"6,689.50","66,895.00",2013.0,jalisco
valle de juarez,14.00,95.20,637.20,2013.0,jalisco
villa purificacion,50.00,180.00,"2,088.00",2013.0,jalisco
zacoalco de torres,22.00,132.00,"1,230.00",2013.0,jalisco
zapopan,25.00,412.50,"1,923.40",2013.0,jalisco
zapotiltic,577.00,"4,327.50","43,275.00",2013.0,jalisco
zapotitlan de vadillo,210.00,"2,940.00","23,520.00",2013.0,jalisco
zapotlanejo,0.00,0.00,0.00,2013.0,jalisco
zapotlan el grande,"1,846.69","21,236.94","239,035.99",2013.0,jalisco
almoloya de alquisiras,492.00,"3,086.00","36,670.49",2013.0,mexico
amanalco,17.50,175.00,"1,575.00",2013.0,mexico
amatepec,35.50,252.10,"2,720.40",2013.0,mexico
atlautla,102.00,965.30,"10,547.50",2013.0,mexico
coatepec harinas,"1,796.00","26,691.00","358,894.07",2013.0,mexico
donato guerra,220.00,"2,480.00","37,100.00",2013.0,mexico
ecatzingo,34.00,279.20,"3,229.68",2013.0,mexico
ixtapan de la sal,18.00,252.00,"3,131.80",2013.0,mexico
ixtapan del oro,110.00,"1,020.00","14,240.00",2013.0,mexico
joquicingo,110.00,"2,750.00","28,326.38",2013.0,mexico
luvianos,41.00,303.40,"3,337.40",2013.0,mexico
malinalco,95.00,915.00,"10,401.25",2013.0,mexico
ocuilan,164.00,"1,822.00","20,785.00",2013.0,mexico
otzoloapan,3.00,30.00,285.00,2013.0,mexico
ozumba,30.00,251.50,"2,821.00",2013.0,mexico
san simon de guerrero,15.00,107.44,"1,230.72",2013.0,mexico
santo tomas,50.00,455.00,"4,577.30",2013.0,mexico
sultepec,40.00,180.00,"1,552.50",2013.0,mexico
tejupilco,30.00,217.50,"2,602.36",2013.0,mexico
temascaltepec,364.00,"2,743.70","33,868.41",2013.0,mexico
tenancingo,530.00,"4,560.00","52,720.02",2013.0,mexico
tepetlixpa,36.00,380.80,"4,311.58",2013.0,mexico
texcaltitlan,5.00,60.00,720.00,2013.0,mexico
valle de bravo,165.00,"2,085.00","13,410.00",2013.0,mexico
villa guerrero,224.00,"2,637.50","28,928.38",2013.0,mexico
villa de allende,130.00,"1,925.00","24,900.00",2013.0,mexico
zacazonapan,1.50,16.50,181.50,2013.0,mexico
zacualpan,4.00,32.00,328.00,2013.0,mexico
acuitzio,802.00,"7,954.00","65,987.40",2013.0,michoacan
aguililla,20.00,170.00,"1,762.00",2013.0,michoacan
apatzingan,418.82,"2,081.54","20,753.00",2013.0,michoacan
ario,"11,553.00","124,700.00","1,643,908.42",2013.0,michoacan
charapan,0.00,0.00,0.00,2013.0,michoacan
charo,5.00,17.00,139.40,2013.0,michoacan
chilchota,339.50,"2,716.00","33,930.25",2013.0,michoacan
coalcoman de vazquez pallares,200.00,"2,340.00","25,609.40",2013.0,michoacan
copandaro,2.00,11.40,92.91,2013.0,michoacan
cotija,740.00,"6,210.00","73,463.99",2013.0,michoacan
erongaricuaro,405.00,"4,860.00","62,466.11",2013.0,michoacan
hidalgo,22.00,162.80,"1,301.72",2013.0,michoacan
huiramba,67.00,603.00,"8,321.23",2013.0,michoacan
irimbo,92.00,671.60,"5,768.67",2013.0,michoacan
jiquilpan,60.00,270.00,"4,770.00",2013.0,michoacan
jungapeo,23.50,197.10,"1,849.30",2013.0,michoacan
juarez,26.00,267.80,"3,319.69",2013.0,michoacan
los reyes,"2,828.00","31,108.00","407,346.15",2013.0,michoacan
madero,362.00,"2,087.40","16,543.20",2013.0,michoacan
maravatio,6.00,38.40,422.02,2013.0,michoacan
morelia,60.00,420.00,"3,486.00",2013.0,michoacan
nuevo parangaricutiro,"6,167.00","61,670.00","851,893.10",2013.0,michoacan
ocampo,41.50,362.85,"4,448.87",2013.0,michoacan
periban,"12,378.00","136,158.00","1,714,538.26",2013.0,michoacan
purepero,54.00,432.00,"5,367.60",2013.0,michoacan
patzcuaro,183.00,"1,647.00","21,843.68",2013.0,michoacan
querendaro,3.00,27.00,243.00,2013.0,michoacan
quiroga,59.00,531.00,"7,028.19",2013.0,michoacan
salvador escalante,"12,673.00","139,843.64","1,857,820.44",2013.0,michoacan
susupuato,168.00,"1,696.80","21,000.63",2013.0,michoacan
tacambaro,"13,302.00","159,624.00","2,013,167.65",2013.0,michoacan
tancitaro,"20,760.00","206,628.25","2,870,775.53",2013.0,michoacan
tangamandapio,900.00,"9,000.00","110,100.00",2013.0,michoacan
tangancicuaro,"1,118.60","11,186.00","144,063.93",2013.0,michoacan
taretan,862.00,"8,861.36","115,556.12",2013.0,michoacan
tarimbaro,20.00,90.00,720.00,2013.0,michoacan
tingambato,"2,892.00","29,135.39","368,896.65",2013.0,michoacan
tinguindin,"2,120.00","26,640.00","305,865.97",2013.0,michoacan
tlazazalca,0.00,0.00,0.00,2013.0,michoacan
tocumbo,415.00,"4,096.00","48,154.52",2013.0,michoacan
turicato,"1,989.00","23,868.00","306,267.78",2013.0,michoacan
tuxpan,312.00,"2,501.20","23,701.22",2013.0,michoacan
tzintzuntzan,14.00,112.00,"1,508.67",2013.0,michoacan
uruapan,"13,543.00","135,430.00","1,701,456.69",2013.0,michoacan
zinapecuaro,52.50,305.00,"2,430.00",2013.0,michoacan
ziracuaretiro,"3,590.00","35,911.16","489,404.81",2013.0,michoacan
zitacuaro,"1,073.00","11,000.70","140,880.93",2013.0,michoacan
cuernavaca,0.00,0.00,0.00,2013.0,morelos
huitzilac,0.40,3.48,28.71,2013.0,morelos
ocuituco,"1,437.00","11,448.90","99,617.41",2013.0,morelos
tepoztlan,34.00,374.00,"3,029.40",2013.0,morelos
tetela del volcan,"1,064.00","8,073.20","68,806.32",2013.0,morelos
tlalnepantla,224.00,"2,486.40","20,608.70",2013.0,morelos
tlayacapan,66.00,654.50,"5,355.50",2013.0,morelos
totolapan,80.00,720.00,"5,853.60",2013.0,morelos
yautepec,19.00,199.00,"1,856.35",2013.0,morelos
yecapixtla,459.00,"3,464.50","28,502.82",2013.0,morelos
ahuacatlan,4.50,40.50,256.95,2013.0,nayarit
amatlan de canas,2.00,16.00,73.20,2013.0,nayarit
bahia de banderas,1.00,6.60,34.32,2013.0,nayarit
compostela,7.00,55.16,263.89,2013.0,nayarit
ixtlan del rio,12.00,79.50,502.65,2013.0,nayarit
jala,20.50,123.00,775.50,2013.0,nayarit
ruiz,6.00,34.02,119.07,2013.0,nayarit
san blas,404.00,"5,352.38","15,464.78",2013.0,nayarit
san pedro lagunillas,4.00,30.24,142.38,2013.0,nayarit
santa maria del oro,14.00,188.00,"1,321.52",2013.0,nayarit
tepic,"1,868.95","15,339.10","82,371.77",2013.0,nayarit
xalisco,"1,677.00","13,080.60","73,480.66",2013.0,nayarit
acatic,29.00,348.00,"6,867.20",2014.0,jalisco
acatlan de juarez,1.50,15.00,59.25,2014.0,jalisco
ahualulco de mercado,10.00,70.00,896.00,2014.0,jalisco
amacueca,134.50,"1,062.55","15,366.52",2014.0,jalisco
ameca,51.00,596.70,"15,305.55",2014.0,jalisco
arandas,160.00,"2,809.60","53,683.20",2014.0,jalisco
atengo,46.00,325.00,"5,211.00",2014.0,jalisco
atenguillo,21.00,189.00,"4,703.00",2014.0,jalisco
atotonilco el alto,121.00,"2,964.50","56,386.01",2014.0,jalisco
atoyac,250.00,"1,980.00","25,145.84",2014.0,jalisco
autlan de navarro,52.53,525.30,"6,828.30",2014.0,jalisco
ayotlan,98.00,"1,274.00","32,461.00",2014.0,jalisco
ayutla,25.00,139.00,"3,050.50",2014.0,jalisco
cabo corrientes,11.00,30.00,257.33,2014.0,jalisco
chiquilistlan,166.30,"1,579.85","28,598.92",2014.0,jalisco
concepcion de buenos aires,897.34,"6,591.92","80,394.13",2014.0,jalisco
cuautitlan de garcia barragan,77.00,423.50,"5,187.88",2014.0,jalisco
degollado,38.00,665.00,"15,219.40",2014.0,jalisco
el arenal,32.00,294.40,"7,514.38",2014.0,jalisco
el limon,1.50,7.50,90.00,2014.0,jalisco
etzatlan,0.00,0.00,0.00,2014.0,jalisco
gomez farias,537.95,"4,776.93","42,154.07",2014.0,jalisco
ixtlahuacan del rio,35.00,420.00,"3,090.00",2014.0,jalisco
jesus maria,70.00,"1,134.00","22,552.60",2014.0,jalisco
jocotepec,10.00,80.00,920.00,2014.0,jalisco
la barca,37.00,140.00,"2,433.00",2014.0,jalisco
la manzanilla de la paz,181.90,"1,033.91","12,186.82",2014.0,jalisco
magdalena,9.00,88.20,"2,219.00",2014.0,jalisco
mascota,26.00,278.20,"7,092.76",2014.0,jalisco
mazamitla,192.21,"1,440.76","17,253.69",2014.0,jalisco
mixtlan,8.00,67.20,"1,611.32",2014.0,jalisco
ocotlan,1.00,2.30,34.50,2014.0,jalisco
pihuamo,45.00,135.00,"1,890.00",2014.0,jalisco
puerto vallarta,15.00,40.80,407.17,2014.0,jalisco
quitupan,322.25,"2,410.13","29,303.51",2014.0,jalisco
san cristobal de la barranca,4.00,52.00,540.80,2014.0,jalisco
san gabriel,478.73,"4,356.44","59,978.25",2014.0,jalisco
san juanito de escobedo,0.00,0.00,0.00,2014.0,jalisco
san pedro tlaquepaque,8.00,128.00,705.60,2014.0,jalisco
san sebastian del oeste,6.00,45.00,"1,093.00",2014.0,jalisco
santa maria de los angeles,10.00,61.00,915.00,2014.0,jalisco
sayula,277.23,"2,410.20","22,896.90",2014.0,jalisco
tala,32.00,292.30,"7,339.09",2014.0,jalisco
talpa de allende,30.00,294.00,"7,206.00",2014.0,jalisco
tamazula de gordiano,727.00,"7,715.30","71,048.57",2014.0,jalisco
tapalpa,682.00,"6,888.20","130,269.78",2014.0,jalisco
tecalitlan,186.00,582.40,"8,657.92",2014.0,jalisco
techaluta de montenegro,75.10,549.73,"8,697.75",2014.0,jalisco
tecolotlan,21.00,147.00,"2,375.00",2014.0,jalisco
tenamaxtlan,0.00,0.00,0.00,2014.0,jalisco
teocuitatlan de corona,46.80,348.66,"5,624.66",2014.0,jalisco
tepatitlan de morelos,98.00,"1,078.00","20,379.26",2014.0,jalisco
tequila,23.00,211.60,"5,380.67",2014.0,jalisco
teuchitlan,5.50,47.25,976.90,2014.0,jalisco
tizapan el alto,20.00,160.00,"1,838.00",2014.0,jalisco
tlajomulco de zuniga,50.25,642.90,"2,466.04",2014.0,jalisco
toliman,52.50,649.25,"9,697.25",2014.0,jalisco
tonila,334.00,"3,109.80","40,647.25",2014.0,jalisco
tototlan,25.00,625.00,"11,772.50",2014.0,jalisco
tuxcueca,3.00,54.00,586.44,2014.0,jalisco
tuxpan,630.70,"5,756.96","75,947.45",2014.0,jalisco
valle de juarez,12.60,88.20,"1,044.05",2014.0,jalisco
villa purificacion,60.00,246.00,"3,111.90",2014.0,jalisco
zacoalco de torres,22.00,170.72,"3,218.60",2014.0,jalisco
zapopan,25.00,422.00,"3,961.10",2014.0,jalisco
zapotiltic,577.60,"6,180.32","84,807.90",2014.0,jalisco
zapotitlan de vadillo,210.00,"2,046.00","34,145.10",2014.0,jalisco
zapotlanejo,0.00,0.00,0.00,2014.0,jalisco
zapotlan el grande,"2,381.12","20,953.85","259,863.36",2014.0,jalisco
almoloya de alquisiras,498.00,"3,936.00","36,516.00",2014.0,mexico
amanalco,17.50,178.68,"1,786.80",2014.0,mexico
amatepec,35.50,253.57,"2,690.34",2014.0,mexico
atlautla,112.00,"1,120.45","16,169.57",2014.0,mexico
coatepec harinas,"1,931.00","26,213.34","257,898.42",2014.0,mexico
donato guerra,393.00,"5,075.00","55,062.00",2014.0,mexico
ecatzingo,34.00,305.84,"4,424.77",2014.0,mexico
ixtapan de la sal,18.00,246.96,"2,653.66",2014.0,mexico
ixtapan del oro,134.00,"1,391.60","14,972.00",2014.0,mexico
joquicingo,135.00,"1,417.50","15,225.00",2014.0,mexico
luvianos,16.00,129.60,"1,294.20",2014.0,mexico
malinalco,171.00,"1,762.00","16,122.25",2014.0,mexico
ocuilan,210.00,"1,602.00","21,994.67",2014.0,mexico
otzoloapan,3.00,19.50,195.00,2014.0,mexico
ozumba,40.00,369.50,"5,394.18",2014.0,mexico
san simon de guerrero,20.00,141.86,"1,522.01",2014.0,mexico
santo tomas,50.00,475.00,"4,750.00",2014.0,mexico
sultepec,75.50,604.00,"6,390.40",2014.0,mexico
tejupilco,48.00,336.00,"3,752.00",2014.0,mexico
temascaltepec,388.00,"2,962.40","42,284.02",2014.0,mexico
tenancingo,775.00,"7,335.00","76,270.02",2014.0,mexico
tepetlixpa,36.00,388.00,"5,732.56",2014.0,mexico
texcaltitlan,8.00,94.50,"1,026.46",2014.0,mexico
valle de bravo,165.00,"1,620.00","15,630.00",2014.0,mexico
villa guerrero,221.00,"2,725.58","29,841.40",2014.0,mexico
villa de allende,280.00,"3,970.00","44,840.00",2014.0,mexico
zacazonapan,1.50,15.00,150.00,2014.0,mexico
zacualpan,10.50,89.25,816.00,2014.0,mexico
acuitzio,"1,070.85","9,242.25","157,118.25",2014.0,michoacan
aguililla,20.00,178.40,"2,139.50",2014.0,michoacan
apatzingan,385.82,"2,897.51","39,932.01",2014.0,michoacan
ario,"11,445.00","128,058.50","1,782,663.96",2014.0,michoacan
charapan,0.00,0.00,0.00,2014.0,michoacan
charo,36.70,135.79,"1,838.67",2014.0,michoacan
chilchota,526.60,"4,581.42","67,684.75",2014.0,michoacan
coalcoman de vazquez pallares,200.00,"2,362.00","27,742.19",2014.0,michoacan
copandaro,2.00,6.00,78.00,2014.0,michoacan
cotija,870.00,"7,728.00","113,242.38",2014.0,michoacan
erongaricuaro,415.00,"5,104.50","71,848.49",2014.0,michoacan
hidalgo,22.00,167.20,"1,714.70",2014.0,michoacan
huiramba,69.00,634.80,"8,709.68",2014.0,michoacan
irimbo,92.00,680.80,"6,059.12",2014.0,michoacan
jiquilpan,60.00,432.00,"4,536.00",2014.0,michoacan
jungapeo,23.50,199.70,"1,876.32",2014.0,michoacan
juarez,26.00,270.40,"3,392.35",2014.0,michoacan
los reyes,"2,890.00","33,166.00","512,555.05",2014.0,michoacan
madero,732.00,"4,448.00","70,420.00",2014.0,michoacan
maravatio,6.00,40.80,401.47,2014.0,michoacan
morelia,479.00,"2,874.00","42,152.01",2014.0,michoacan
nuevo parangaricutiro,"6,500.00","63,339.00","911,208.32",2014.0,michoacan
ocampo,42.50,379.10,"4,672.95",2014.0,michoacan
periban,"12,378.00","137,268.22","2,179,778.26",2014.0,michoacan
purepero,290.62,"2,470.27","36,560.00",2014.0,michoacan
patzcuaro,190.00,"1,805.00","24,643.74",2014.0,michoacan
querendaro,20.00,80.00,"1,120.00",2014.0,michoacan
quiroga,59.00,523.00,"7,116.62",2014.0,michoacan
salvador escalante,"12,793.00","141,822.00","1,992,804.88",2014.0,michoacan
susupuato,175.00,"1,802.50","22,332.98",2014.0,michoacan
tacambaro,"13,760.00","140,782.18","2,134,622.28",2014.0,michoacan
tancitaro,"21,600.00","206,812.00","2,707,457.89",2014.0,michoacan
tangamandapio,"1,570.00","16,785.00","251,368.50",2014.0,michoacan
tangancicuaro,"1,232.54","13,434.69","194,803.01",2014.0,michoacan
taretan,905.00,"9,050.00","135,635.70",2014.0,michoacan
tarimbaro,20.00,120.00,"1,440.00",2014.0,michoacan
tingambato,"3,036.00","29,259.00","388,929.76",2014.0,michoacan
tinguindin,"2,240.00","25,968.00","393,006.95",2014.0,michoacan
tlazazalca,39.35,314.80,"4,406.78",2014.0,michoacan
tocumbo,509.00,"5,312.50","77,253.57",2014.0,michoacan
turicato,"2,582.00","28,787.50","385,171.23",2014.0,michoacan
tuxpan,312.00,"2,548.00","24,209.33",2014.0,michoacan
tzintzuntzan,14.00,110.00,"1,508.12",2014.0,michoacan
uruapan,"14,030.00","141,107.80","2,012,418.50",2014.0,michoacan
zinapecuaro,55.00,215.00,"2,932.00",2014.0,michoacan
ziracuaretiro,"3,770.00","34,935.50","496,220.73",2014.0,michoacan
zitacuaro,"1,104.50","11,293.25","144,754.64",2014.0,michoacan
cuernavaca,0.00,0.00,0.00,2014.0,morelos
huitzilac,0.40,3.40,32.20,2014.0,morelos
ocuituco,"1,400.00","11,255.00","100,798.24",2014.0,morelos
tepoztlan,44.00,409.20,"3,801.25",2014.0,morelos
tetela del volcan,"1,075.00","8,656.50","76,491.26",2014.0,morelos
tlalnepantla,242.00,"2,274.80","20,570.04",2014.0,morelos
tlayacapan,71.50,666.55,"6,219.21",2014.0,morelos
totolapan,100.00,910.00,"8,653.76",2014.0,morelos
yautepec,19.00,182.00,"1,754.21",2014.0,morelos
yecapixtla,448.00,"3,246.30","26,779.90",2014.0,morelos
ahuacatlan,4.50,38.25,276.67,2014.0,nayarit
amatlan de canas,2.00,15.20,64.60,2014.0,nayarit
bahia de banderas,4.00,24.00,127.00,2014.0,nayarit
compostela,9.00,74.90,516.90,2014.0,nayarit
ixtlan del rio,12.00,86.60,687.44,2014.0,nayarit
jala,20.50,152.90,"1,102.60",2014.0,nayarit
ruiz,6.00,31.50,189.66,2014.0,nayarit
san blas,414.00,"5,319.54","34,366.17",2014.0,nayarit
san pedro lagunillas,18.00,112.50,789.30,2014.0,nayarit
santa maria del oro,45.00,305.70,"2,545.50",2014.0,nayarit
tepic,"1,904.95","15,964.08","139,776.11",2014.0,nayarit
xalisco,"1,772.00","14,565.84","121,098.50",2014.0,nayarit
acatic,60.00,631.38,"11,066.61",2015.0,jalisco
acatlan de juarez,1.48,19.98,353.77,2015.0,jalisco
ahualulco de mercado,45.00,476.10,"9,366.84",2015.0,jalisco
amacueca,186.00,"1,567.98","16,670.70",2015.0,jalisco
ameca,118.00,"1,451.40","33,680.26",2015.0,jalisco
arandas,160.00,"1,445.28","24,365.50",2015.0,jalisco
atengo,61.00,642.03,"9,972.95",2015.0,jalisco
atenguillo,21.00,224.70,"4,687.99",2015.0,jalisco
atotonilco el alto,121.00,"1,694.00","40,656.00",2015.0,jalisco
atoyac,356.00,"3,075.84","33,821.23",2015.0,jalisco
autlan de navarro,60.00,210.00,"3,774.00",2015.0,jalisco
ayotlan,98.00,"1,372.00","21,035.74",2015.0,jalisco
ayutla,25.00,135.90,"1,761.30",2015.0,jalisco
cabo corrientes,13.00,104.00,"2,392.00",2015.0,jalisco
chiquilistlan,166.30,"1,829.30","32,817.06",2015.0,jalisco
concepcion de buenos aires,962.34,"7,106.68","147,339.23",2015.0,jalisco
cuautitlan de garcia barragan,92.00,564.88,"7,681.53",2015.0,jalisco
degollado,38.00,570.00,"8,882.18",2015.0,jalisco
el arenal,50.00,460.50,"7,919.19",2015.0,jalisco
el limon,1.50,3.00,48.00,2015.0,jalisco
etzatlan,8.00,83.04,"1,637.19",2015.0,jalisco
gomez farias,665.60,"5,689.48","70,889.88",2015.0,jalisco
ixtlahuacan del rio,36.00,429.00,"6,772.54",2015.0,jalisco
jesus maria,70.00,813.50,"13,805.67",2015.0,jalisco
jocotepec,30.00,396.00,"4,752.00",2015.0,jalisco
la barca,25.00,330.75,"6,871.59",2015.0,jalisco
la manzanilla de la paz,184.40,"1,046.97","21,019.52",2015.0,jalisco
magdalena,9.00,92.16,"2,341.53",2015.0,jalisco
mascota,42.00,495.60,"10,920.50",2015.0,jalisco
mazamitla,251.88,"1,871.26","37,375.83",2015.0,jalisco
mixtlan,8.00,93.60,"2,127.97",2015.0,jalisco
ocotlan,1.00,12.36,149.57,2015.0,jalisco
pihuamo,45.00,315.00,"3,752.40",2015.0,jalisco
puerto vallarta,15.00,120.00,"2,760.00",2015.0,jalisco
quitupan,337.55,"2,540.16","53,846.50",2015.0,jalisco
san cristobal de la barranca,4.00,49.60,858.87,2015.0,jalisco
san gabriel,830.74,"6,941.42","78,568.66",2015.0,jalisco
san juanito de escobedo,15.00,149.70,"2,842.92",2015.0,jalisco
san pedro tlaquepaque,8.00,112.84,"2,127.95",2015.0,jalisco
san sebastian del oeste,6.00,49.80,"1,129.12",2015.0,jalisco
santa maria de los angeles,7.00,41.30,562.31,2015.0,jalisco
sayula,680.71,"4,411.00","62,019.28",2015.0,jalisco
tala,98.00,834.40,"15,163.44",2015.0,jalisco
talpa de allende,30.00,312.00,"7,257.37",2015.0,jalisco
tamazula de gordiano,727.00,"9,035.50","111,754.94",2015.0,jalisco
tapalpa,682.00,"6,820.00","118,376.17",2015.0,jalisco
tecalitlan,186.00,"1,509.40","18,226.28",2015.0,jalisco
techaluta de montenegro,75.10,597.04,"6,400.35",2015.0,jalisco
tecolotlan,21.00,232.49,"3,710.31",2015.0,jalisco
tenamaxtlan,0.00,0.00,0.00,2015.0,jalisco
teocuitatlan de corona,47.00,378.35,"4,125.26",2015.0,jalisco
tepatitlan de morelos,150.00,"1,575.00","26,606.99",2015.0,jalisco
tequila,23.00,271.40,"5,968.09",2015.0,jalisco
teuchitlan,5.50,50.70,919.44,2015.0,jalisco
tizapan el alto,20.00,200.00,"2,400.00",2015.0,jalisco
tlajomulco de zuniga,25.25,357.63,"6,398.11",2015.0,jalisco
toliman,52.50,181.25,"3,589.75",2015.0,jalisco
tonila,506.00,"6,165.00","89,470.78",2015.0,jalisco
tototlan,25.00,300.00,"6,960.00",2015.0,jalisco
tuxcueca,5.00,67.50,810.00,2015.0,jalisco
tuxpan,530.00,"6,668.00","97,608.10",2015.0,jalisco
valle de juarez,31.80,212.38,"4,166.65",2015.0,jalisco
villa purificacion,60.00,259.20,"3,516.31",2015.0,jalisco
zacoalco de torres,22.00,176.88,"1,993.33",2015.0,jalisco
zapopan,25.00,395.00,"7,029.91",2015.0,jalisco
zapotiltic,577.60,"7,220.00","104,645.81",2015.0,jalisco
zapotitlan de vadillo,250.00,"1,328.00","25,075.24",2015.0,jalisco
zapotlanejo,0.00,0.00,0.00,2015.0,jalisco
zapotlan el grande,"2,920.10","24,241.02","322,278.32",2015.0,jalisco
almoloya de alquisiras,498.00,"5,450.36","52,895.04",2015.0,mexico
amanalco,17.50,192.50,"2,117.50",2015.0,mexico
amatepec,35.50,181.50,"2,374.75",2015.0,mexico
atlautla,112.00,"1,146.31","10,256.21",2015.0,mexico
coatepec harinas,"1,931.00","30,638.00","348,442.58",2015.0,mexico
donato guerra,"1,128.36","12,095.06","152,274.78",2015.0,mexico
ecatzingo,34.00,312.10,"2,696.09",2015.0,mexico
ixtapan de la sal,18.00,227.50,"2,581.00",2015.0,mexico
ixtapan del oro,134.00,"1,454.80","17,289.88",2015.0,mexico
joquicingo,135.00,"3,307.50","36,382.50",2015.0,mexico
luvianos,30.00,210.00,"2,520.00",2015.0,mexico
malinalco,213.00,"2,067.00","21,870.13",2015.0,mexico
ocuilan,141.00,"1,262.00","15,179.50",2015.0,mexico
otzoloapan,3.00,22.50,247.50,2015.0,mexico
ozumba,40.00,386.00,"3,448.04",2015.0,mexico
san simon de guerrero,20.00,142.05,"1,549.31",2015.0,mexico
santo tomas,50.00,500.00,"6,000.00",2015.0,mexico
sultepec,75.50,"1,107.59","11,975.84",2015.0,mexico
tejupilco,48.00,340.80,"3,688.00",2015.0,mexico
temascaltepec,"1,175.00","9,965.20","110,577.25",2015.0,mexico
tenancingo,793.00,"6,983.50","77,086.90",2015.0,mexico
tepetlixpa,36.00,390.88,"3,537.10",2015.0,mexico
texcaltitlan,6.00,63.30,497.70,2015.0,mexico
valle de bravo,165.00,"1,860.00","21,720.00",2015.0,mexico
villa guerrero,220.00,"2,497.00","24,681.16",2015.0,mexico
villa de allende,410.85,"5,701.40","68,689.50",2015.0,mexico
zacazonapan,1.50,17.25,207.00,2015.0,mexico
zacualpan,13.00,182.00,"2,288.00",2015.0,mexico
acuitzio,"1,180.85","9,279.72","113,369.85",2015.0,michoacan
aguililla,70.00,756.70,"7,214.93",2015.0,michoacan
apatzingan,380.82,"3,884.36","41,074.85",2015.0,michoacan
ario,"11,619.00","134,452.17","1,983,762.64",2015.0,michoacan
charapan,652.00,"3,260.00","43,161.23",2015.0,michoacan
charo,36.70,146.80,"1,682.70",2015.0,michoacan
chilchota,702.13,"5,687.25","79,537.27",2015.0,michoacan
coalcoman de vazquez pallares,200.00,"2,336.00","21,659.42",2015.0,michoacan
copandaro,2.00,12.00,149.26,2015.0,michoacan
cotija,"1,397.00","13,355.65","166,684.57",2015.0,michoacan
erongaricuaro,432.00,"5,412.96","79,250.71",2015.0,michoacan
hidalgo,22.00,173.80,"1,874.38",2015.0,michoacan
huiramba,81.00,816.48,"11,670.99",2015.0,michoacan
irimbo,92.00,690.00,"6,488.48",2015.0,michoacan
jiquilpan,60.00,420.00,"3,682.67",2015.0,michoacan
jungapeo,23.50,202.65,"1,929.23",2015.0,michoacan
juarez,30.00,303.00,"3,799.62",2015.0,michoacan
los reyes,"3,757.60","39,290.88","570,182.55",2015.0,michoacan
madero,"1,096.25","8,387.10","107,239.72",2015.0,michoacan
maravatio,8.25,55.50,541.59,2015.0,michoacan
morelia,718.00,"5,887.60","68,389.48",2015.0,michoacan
nuevo parangaricutiro,"6,500.00","64,900.00","931,205.78",2015.0,michoacan
ocampo,54.50,467.15,"5,787.02",2015.0,michoacan
periban,"12,213.00","112,699.50","1,719,745.39",2015.0,michoacan
purepero,435.93,"3,531.03","50,136.32",2015.0,michoacan
patzcuaro,198.00,"1,901.59","27,320.31",2015.0,michoacan
querendaro,20.00,150.00,"1,846.80",2015.0,michoacan
quiroga,64.00,608.38,"8,701.77",2015.0,michoacan
salvador escalante,"12,900.00","146,836.23","2,142,755.02",2015.0,michoacan
susupuato,195.00,"1,950.00","24,375.00",2015.0,michoacan
tacambaro,"13,924.00","137,936.00","2,001,752.49",2015.0,michoacan
tancitaro,"21,750.00","207,703.00","2,853,034.00",2015.0,michoacan
tangamandapio,"2,184.00","23,680.80","308,925.85",2015.0,michoacan
tangancicuaro,"1,425.88","14,401.39","193,277.89",2015.0,michoacan
taretan,910.00,"10,921.80","186,760.19",2015.0,michoacan
tarimbaro,20.00,80.00,970.00,2015.0,michoacan
tingambato,"3,047.00","29,839.90","451,280.79",2015.0,michoacan
tinguindin,"4,757.00","54,707.50","695,408.22",2015.0,michoacan
tlazazalca,82.50,651.75,"9,069.23",2015.0,michoacan
tocumbo,844.00,"9,053.60","113,205.60",2015.0,michoacan
turicato,"2,678.00","28,685.90","365,356.36",2015.0,michoacan
tuxpan,312.00,"2,591.00","25,106.04",2015.0,michoacan
tzintzuntzan,14.00,127.40,"1,812.49",2015.0,michoacan
uruapan,"14,300.00","144,610.00","2,107,054.79",2015.0,michoacan
zinapecuaro,55.00,388.00,"4,501.30",2015.0,michoacan
ziracuaretiro,"3,780.00","37,766.35","571,404.48",2015.0,michoacan
zitacuaro,"1,218.00","12,198.80","157,069.00",2015.0,michoacan
cuernavaca,140.00,"1,218.00","15,993.59",2015.0,morelos
huitzilac,2.40,21.36,279.82,2015.0,morelos
ocuituco,"1,390.00","11,684.00","162,085.21",2015.0,morelos
tepoztlan,50.00,445.00,"5,838.40",2015.0,morelos
tetela del volcan,"1,175.00","9,632.50","127,341.34",2015.0,morelos
tlalnepantla,243.00,"2,089.80","27,428.63",2015.0,morelos
tlayacapan,72.00,619.20,"8,111.52",2015.0,morelos
totolapan,105.00,861.00,"11,313.54",2015.0,morelos
yautepec,15.00,131.00,"1,731.08",2015.0,morelos
yecapixtla,385.00,"2,797.50","32,077.28",2015.0,morelos
ahuacatlan,5.00,44.00,354.64,2015.0,nayarit
amatlan de canas,5.00,35.00,252.20,2015.0,nayarit
bahia de banderas,2.00,16.00,112.00,2015.0,nayarit
compostela,10.00,73.00,255.50,2015.0,nayarit
ixtlan del rio,12.00,86.00,747.40,2015.0,nayarit
jala,51.50,495.25,"4,182.43",2015.0,nayarit
ruiz,6.00,31.80,197.48,2015.0,nayarit
san blas,413.67,"5,164.61","29,072.75",2015.0,nayarit
san pedro lagunillas,26.00,182.00,637.00,2015.0,nayarit
santa maria del oro,51.00,508.50,"3,895.40",2015.0,nayarit
tepic,"1,904.95","17,167.05","133,045.44",2015.0,nayarit
xalisco,"1,772.00","15,345.52","119,585.49",2015.0,nayarit
acatic,80.00,904.80,"16,114.62",2016.0,jalisco
acatlan de juarez,1.40,17.22,315.76,2016.0,jalisco
ahualulco de mercado,50.00,533.50,"5,966.07",2016.0,jalisco
amacueca,186.00,"2,187.36","26,569.21",2016.0,jalisco
ameca,110.00,"1,455.30","17,965.68",2016.0,jalisco
arandas,160.00,"1,560.00","16,374.40",2016.0,jalisco
atengo,88.00,897.60,"14,061.80",2016.0,jalisco
atenguillo,11.00,120.78,"2,851.24",2016.0,jalisco
atotonilco el alto,121.00,"1,875.50","29,432.22",2016.0,jalisco
atoyac,322.98,"3,478.49","42,290.12",2016.0,jalisco
autlan de navarro,70.50,317.25,"4,304.77",2016.0,jalisco
ayotlan,101.00,"1,244.82","17,721.26",2016.0,jalisco
ayutla,26.00,296.00,"4,150.02",2016.0,jalisco
cabo corrientes,13.00,98.54,"1,448.34",2016.0,jalisco
chiquilistlan,166.30,"1,827.64","20,543.41",2016.0,jalisco
concepcion de buenos aires,"1,062.34","10,697.13","127,738.66",2016.0,jalisco
cuautitlan de garcia barragan,107.00,676.24,"10,321.45",2016.0,jalisco
degollado,40.00,572.00,"8,407.26",2016.0,jalisco
el arenal,55.00,411.95,"5,895.44",2016.0,jalisco
el limon,1.50,4.50,56.86,2016.0,jalisco
etzatlan,32.00,340.16,"3,505.58",2016.0,jalisco
gomez farias,718.10,"6,357.07","65,786.78",2016.0,jalisco
ixtlahuacan del rio,41.00,526.85,"8,022.46",2016.0,jalisco
jesus maria,70.00,822.50,"9,081.73",2016.0,jalisco
jocotepec,30.00,460.00,"6,956.58",2016.0,jalisco
la barca,25.00,330.00,"4,958.25",2016.0,jalisco
la manzanilla de la paz,198.40,"1,900.21","25,828.67",2016.0,jalisco
magdalena,9.00,95.76,"1,457.85",2016.0,jalisco
mascota,60.00,717.60,"9,662.48",2016.0,jalisco
mazamitla,321.88,"3,329.74","56,204.23",2016.0,jalisco
mixtlan,4.00,45.40,"1,119.96",2016.0,jalisco
ocotlan,1.00,14.25,213.50,2016.0,jalisco
pihuamo,45.00,540.00,"6,217.65",2016.0,jalisco
puerto vallarta,15.00,114.90,"1,673.98",2016.0,jalisco
quitupan,383.55,"3,944.25","67,885.25",2016.0,jalisco
san cristobal de la barranca,4.00,48.00,657.00,2016.0,jalisco
san gabriel,830.74,"7,589.73","73,977.83",2016.0,jalisco
san juanito de escobedo,19.00,208.62,"2,364.39",2016.0,jalisco
san pedro tlaquepaque,8.00,110.40,"1,827.67",2016.0,jalisco
san sebastian del oeste,11.00,108.46,"2,708.29",2016.0,jalisco
santa maria de los angeles,7.00,60.90,"1,093.05",2016.0,jalisco
sayula,680.71,"6,779.87","69,961.14",2016.0,jalisco
tala,40.00,286.00,"4,017.87",2016.0,jalisco
talpa de allende,22.00,225.94,"5,154.18",2016.0,jalisco
tamazula de gordiano,523.00,"6,694.40","117,259.18",2016.0,jalisco
tapalpa,682.00,"6,813.18","75,023.40",2016.0,jalisco
tecalitlan,186.00,"2,490.60","27,154.30",2016.0,jalisco
techaluta de montenegro,75.10,787.80,"9,558.42",2016.0,jalisco
tecolotlan,60.00,493.80,"8,010.42",2016.0,jalisco
tenamaxtlan,0.00,0.00,0.00,2016.0,jalisco
teocuitatlan de corona,50.55,625.30,"7,438.76",2016.0,jalisco
tepatitlan de morelos,200.00,"2,268.00","39,361.50",2016.0,jalisco
tequila,21.00,232.05,"3,331.31",2016.0,jalisco
teuchitlan,2.00,5.60,60.65,2016.0,jalisco
tizapan el alto,20.00,240.00,"3,591.12",2016.0,jalisco
tlajomulco de zuniga,25.25,303.80,"4,509.45",2016.0,jalisco
toliman,52.50,633.50,"11,394.25",2016.0,jalisco
tonila,476.00,"6,327.20","108,412.35",2016.0,jalisco
tototlan,25.00,355.00,"5,551.49",2016.0,jalisco
tuxcueca,4.00,60.00,873.30,2016.0,jalisco
tuxpan,641.00,"8,544.53","147,919.74",2016.0,jalisco
valle de juarez,38.80,424.78,"8,881.31",2016.0,jalisco
villa purificacion,110.00,673.20,"10,546.35",2016.0,jalisco
zacoalco de torres,34.30,393.42,"4,855.93",2016.0,jalisco
zapopan,25.00,331.25,"6,017.15",2016.0,jalisco
zapotiltic,687.60,"8,938.80","158,115.66",2016.0,jalisco
zapotitlan de vadillo,250.00,"2,750.00","50,709.01",2016.0,jalisco
zapotlanejo,15.00,87.60,"1,372.39",2016.0,jalisco
zapotlan el grande,"2,599.70","27,941.55","299,093.65",2016.0,jalisco
almoloya de alquisiras,490.00,"7,358.00","107,287.75",2016.0,mexico
amanalco,20.50,268.55,"3,544.86",2016.0,mexico
amatepec,141.80,646.80,"8,034.60",2016.0,mexico
atlautla,136.00,"1,483.82","14,040.99",2016.0,mexico
coatepec harinas,"2,046.00","35,967.40","519,088.61",2016.0,mexico
donato guerra,"1,128.36","13,921.69","190,253.16",2016.0,mexico
ecatzingo,34.00,316.33,"2,768.73",2016.0,mexico
ixtapan de la sal,36.00,577.80,"7,253.26",2016.0,mexico
ixtapan del oro,134.00,"1,419.20","19,183.92",2016.0,mexico
joquicingo,135.00,"1,801.58","19,592.18",2016.0,mexico
luvianos,95.00,950.00,"12,350.00",2016.0,mexico
malinalco,180.00,"2,671.40","36,158.71",2016.0,mexico
ocuilan,175.00,"2,126.88","26,806.56",2016.0,mexico
otzoloapan,6.00,63.60,969.90,2016.0,mexico
ozumba,50.00,523.39,"4,764.07",2016.0,mexico
san simon de guerrero,103.00,873.40,"12,070.00",2016.0,mexico
santo tomas,7.00,73.50,"1,323.00",2016.0,mexico
sultepec,180.00,"3,240.00","40,647.61",2016.0,mexico
tejupilco,54.75,438.00,"5,518.80",2016.0,mexico
temascaltepec,"1,497.00","12,311.70","162,402.96",2016.0,mexico
tenancingo,796.00,"10,151.60","145,756.56",2016.0,mexico
tepetlixpa,36.00,423.92,"3,904.10",2016.0,mexico
texcaltitlan,11.00,176.00,"2,395.48",2016.0,mexico
valle de bravo,255.00,"2,966.50","45,079.50",2016.0,mexico
villa guerrero,233.00,"2,752.80","38,655.53",2016.0,mexico
villa de allende,410.85,"5,455.58","85,506.48",2016.0,mexico
zacazonapan,2.00,22.60,406.80,2016.0,mexico
zacualpan,4.00,37.04,388.92,2016.0,mexico
acuitzio,"1,208.85","11,012.00","184,828.94",2016.0,michoacan
aguililla,90.00,"1,080.00","13,605.84",2016.0,michoacan
apatzingan,400.82,"4,076.34","53,106.56",2016.0,michoacan
ario,"12,198.00","143,841.54","2,339,700.88",2016.0,michoacan
charapan,932.00,"6,524.00","114,497.05",2016.0,michoacan
charo,55.00,362.50,"6,362.75",2016.0,michoacan
chilchota,702.00,"5,756.40","93,522.45",2016.0,michoacan
coalcoman de vazquez pallares,880.00,"10,824.00","148,191.38",2016.0,michoacan
copandaro,2.00,13.80,246.40,2016.0,michoacan
cotija,"1,937.00","20,462.98","359,643.31",2016.0,michoacan
erongaricuaro,447.00,"5,685.84","95,173.29",2016.0,michoacan
hidalgo,45.00,360.00,"3,720.24",2016.0,michoacan
huiramba,87.00,889.14,"15,019.08",2016.0,michoacan
irimbo,99.00,752.40,"7,343.83",2016.0,michoacan
jiquilpan,65.00,588.25,"7,362.88",2016.0,michoacan
jungapeo,23.50,206.75,"2,001.89",2016.0,michoacan
juarez,40.00,388.00,"5,042.49",2016.0,michoacan
los reyes,"5,467.00","61,929.40","1,051,015.38",2016.0,michoacan
madero,"1,245.00","10,335.00","171,276.26",2016.0,michoacan
maravatio,9.00,61.20,747.30,2016.0,michoacan
morelia,640.00,"7,592.00","127,175.15",2016.0,michoacan
nuevo parangaricutiro,"6,565.00","67,821.50","1,148,720.64",2016.0,michoacan
ocampo,69.50,566.55,"7,227.96",2016.0,michoacan
periban,"12,955.00","149,412.60","2,586,243.88",2016.0,michoacan
purepero,448.74,"3,724.54","61,032.29",2016.0,michoacan
patzcuaro,219.00,"2,124.30","37,473.61",2016.0,michoacan
querendaro,20.00,188.00,"3,290.00",2016.0,michoacan
quiroga,69.00,678.27,"11,984.01",2016.0,michoacan
salvador escalante,"13,465.00","156,461.43","2,611,689.30",2016.0,michoacan
susupuato,200.00,"1,880.00","20,889.43",2016.0,michoacan
tacambaro,"14,299.00","168,161.30","2,736,587.84",2016.0,michoacan
tancitaro,"22,417.00","224,142.40","4,346,781.58",2016.0,michoacan
tangamandapio,"2,247.00","25,142.70","410,065.65",2016.0,michoacan
tangancicuaro,"1,829.88","17,756.21","297,683.01",2016.0,michoacan
taretan,"1,205.00","12,070.50","227,790.45",2016.0,michoacan
tarimbaro,20.00,140.00,"2,284.00",2016.0,michoacan
tingambato,"3,500.00","34,741.70","622,307.57",2016.0,michoacan
tinguindin,"4,927.70","57,323.16","944,442.16",2016.0,michoacan
tlazazalca,125.65,"1,019.00","16,503.87",2016.0,michoacan
tocumbo,891.00,"9,778.60","165,985.32",2016.0,michoacan
turicato,"3,585.00","38,185.50","642,115.03",2016.0,michoacan
tuxpan,334.00,"2,781.90","26,533.04",2016.0,michoacan
tzintzuntzan,20.00,184.40,"3,226.04",2016.0,michoacan
uruapan,"15,096.00","154,496.00","2,664,891.10",2016.0,michoacan
zinapecuaro,50.00,410.00,"7,204.00",2016.0,michoacan
ziracuaretiro,"4,325.00","41,562.00","707,108.49",2016.0,michoacan
zitacuaro,"1,326.00","12,918.85","137,516.13",2016.0,michoacan
cuernavaca,145.00,"1,247.00","11,793.71",2016.0,morelos
huitzilac,2.40,19.68,173.18,2016.0,morelos
ocuituco,"1,485.00","12,653.00","117,439.04",2016.0,morelos
tepoztlan,50.00,415.00,"4,115.09",2016.0,morelos
tetela del volcan,"1,370.00","11,423.00","109,797.43",2016.0,morelos
tlalnepantla,243.00,"1,992.60","18,581.00",2016.0,morelos
tlayacapan,72.00,604.80,"7,093.93",2016.0,morelos
totolapan,105.00,840.00,"7,979.05",2016.0,morelos
yautepec,11.00,99.40,"1,045.49",2016.0,morelos
yecapixtla,410.00,"3,100.50","28,552.17",2016.0,morelos
ahuacatlan,7.00,55.30,614.11,2016.0,nayarit
amatlan de canas,5.00,25.50,245.33,2016.0,nayarit
bahia de banderas,2.00,12.40,109.42,2016.0,nayarit
compostela,12.50,69.00,577.82,2016.0,nayarit
ixtlan del rio,13.00,80.80,931.80,2016.0,nayarit
jala,56.50,423.50,"4,906.09",2016.0,nayarit
ruiz,6.00,31.32,240.76,2016.0,nayarit
san blas,418.67,"4,909.51","36,816.40",2016.0,nayarit
san pedro lagunillas,213.00,"1,150.20","8,854.24",2016.0,nayarit
santa maria del oro,51.00,396.30,"4,195.29",2016.0,nayarit
tepic,"1,909.95","13,794.94","119,789.46",2016.0,nayarit
xalisco,"1,804.00","12,291.40","105,202.26",2016.0,nayarit
acatic,105.40,"1,222.64","27,345.48",2017.0,jalisco
acatlan de juarez,25.00,312.50,"4,299.83",2017.0,jalisco
ahualulco de mercado,62.00,660.30,"9,930.83",2017.0,jalisco
amacueca,186.00,"2,240.37","42,346.26",2017.0,jalisco
ameca,110.00,"1,493.80","32,462.43",2017.0,jalisco
arandas,166.00,"1,676.60","36,113.96",2017.0,jalisco
atengo,120.00,"1,102.00","23,800.00",2017.0,jalisco
atenguillo,11.00,123.42,"3,374.78",2017.0,jalisco
atotonilco el alto,241.00,"3,892.15","71,647.28",2017.0,jalisco
atoyac,322.98,"3,905.47","72,875.21",2017.0,jalisco
autlan de navarro,73.00,313.90,"6,379.34",2017.0,jalisco
ayotlan,101.00,"1,476.62","25,645.76",2017.0,jalisco
ayutla,26.00,254.50,"4,729.73",2017.0,jalisco
cabo corrientes,13.00,101.92,"2,188.06",2017.0,jalisco
chiquilistlan,166.30,"1,912.45","35,172.46",2017.0,jalisco
concepcion de buenos aires,"1,099.08","11,168.51","213,670.56",2017.0,jalisco
cuautitlan de garcia barragan,107.00,812.13,"17,353.16",2017.0,jalisco
degollado,40.00,580.80,"9,897.98",2017.0,jalisco
el arenal,55.00,517.00,"9,080.70",2017.0,jalisco
el limon,1.50,6.00,126.00,2017.0,jalisco
etzatlan,32.00,339.20,"5,010.56",2017.0,jalisco
gomez farias,780.10,"8,023.27","105,574.34",2017.0,jalisco
ixtlahuacan del rio,41.00,519.88,"12,753.45",2017.0,jalisco
jesus maria,90.00,"1,089.00","23,696.28",2017.0,jalisco
jocotepec,30.00,460.80,"9,217.57",2017.0,jalisco
la barca,35.00,462.70,"7,793.01",2017.0,jalisco
la manzanilla de la paz,218.55,"2,761.13","54,093.56",2017.0,jalisco
magdalena,9.00,98.01,"2,086.37",2017.0,jalisco
mascota,68.45,837.83,"17,632.87",2017.0,jalisco
mazamitla,374.88,"3,929.90","76,679.86",2017.0,jalisco
mixtlan,4.00,46.00,"1,261.25",2017.0,jalisco
ocotlan,1.00,14.72,325.34,2017.0,jalisco
pihuamo,45.00,548.50,"10,009.75",2017.0,jalisco
puerto vallarta,15.00,120.30,"2,639.82",2017.0,jalisco
quitupan,438.65,"4,726.84","96,480.80",2017.0,jalisco
san cristobal de la barranca,4.00,48.60,860.96,2017.0,jalisco
san gabriel,948.89,"8,901.86","115,711.98",2017.0,jalisco
san juanito de escobedo,19.00,207.10,"3,144.67",2017.0,jalisco
san pedro tlaquepaque,8.00,113.60,"2,474.40",2017.0,jalisco
san sebastian del oeste,11.00,112.31,"2,946.32",2017.0,jalisco
santa maria de los angeles,9.00,81.45,"1,003.57",2017.0,jalisco
sayula,780.71,"8,411.16","108,433.73",2017.0,jalisco
tala,40.00,364.00,"7,253.38",2017.0,jalisco
talpa de allende,22.00,229.90,"5,946.18",2017.0,jalisco
tamazula de gordiano,554.00,"7,600.57","155,606.93",2017.0,jalisco
tapalpa,680.00,"7,502.00","136,560.93",2017.0,jalisco
tecalitlan,186.00,"2,507.08","46,552.42",2017.0,jalisco
techaluta de montenegro,75.10,802.07,"15,385.30",2017.0,jalisco
tecolotlan,60.00,685.00,"13,744.00",2017.0,jalisco
tenamaxtlan,6.00,38.89,585.81,2017.0,jalisco
teocuitatlan de corona,50.55,601.24,"10,402.40",2017.0,jalisco
tepatitlan de morelos,170.00,"2,176.00","48,334.92",2017.0,jalisco
tequila,21.00,236.88,"4,967.19",2017.0,jalisco
teuchitlan,2.00,17.40,350.58,2017.0,jalisco
tizapan el alto,20.00,252.20,"5,135.50",2017.0,jalisco
tlajomulco de zuniga,25.50,316.93,"4,890.57",2017.0,jalisco
toliman,52.50,672.53,"14,553.77",2017.0,jalisco
tonila,576.00,"8,124.27","112,658.81",2017.0,jalisco
tototlan,25.00,367.50,"8,678.31",2017.0,jalisco
tuxcueca,44.00,681.12,"13,247.64",2017.0,jalisco
tuxpan,691.00,"9,819.80","135,236.71",2017.0,jalisco
valle de juarez,41.80,464.84,"9,559.30",2017.0,jalisco
villa purificacion,110.00,708.40,"14,996.35",2017.0,jalisco
zacoalco de torres,34.30,408.07,"8,169.35",2017.0,jalisco
zapopan,25.00,350.00,"6,667.50",2017.0,jalisco
zapotiltic,707.85,"10,164.73","144,033.82",2017.0,jalisco
zapotitlan de vadillo,275.00,"2,663.93","58,656.46",2017.0,jalisco
zapotlanejo,20.00,235.60,"4,557.19",2017.0,jalisco
zapotlan el grande,"2,989.90","33,938.13","453,958.02",2017.0,jalisco
almoloya de alquisiras,524.00,"7,816.96","121,536.42",2017.0,mexico
amanalco,24.50,325.00,"5,094.05",2017.0,mexico
amatepec,141.86,709.30,"12,639.48",2017.0,mexico
atlautla,137.00,"1,499.95","30,246.80",2017.0,mexico
coatepec harinas,"2,060.00","26,917.40","413,173.59",2017.0,mexico
donato guerra,"1,128.36","14,085.20","274,427.69",2017.0,mexico
ecatzingo,34.00,323.58,"5,558.47",2017.0,mexico
ixtapan de la sal,37.00,645.66,"9,747.61",2017.0,mexico
ixtapan del oro,134.00,"1,387.00","20,445.84",2017.0,mexico
joquicingo,135.10,"1,904.91","30,250.31",2017.0,mexico
luvianos,95.00,722.00,"13,718.00",2017.0,mexico
malinalco,224.00,"3,524.82","50,611.57",2017.0,mexico
ocuilan,191.00,"2,372.80","34,093.29",2017.0,mexico
otzoloapan,6.00,64.00,"1,014.40",2017.0,mexico
ozumba,50.00,524.00,"11,392.85",2017.0,mexico
san simon de guerrero,263.00,"2,201.20","30,330.48",2017.0,mexico
santo tomas,7.00,81.00,"1,782.00",2017.0,mexico
sultepec,220.00,"3,859.90","54,189.25",2017.0,mexico
tejupilco,54.75,446.21,"8,924.20",2017.0,mexico
temascaltepec,"1,489.00","12,457.83","215,992.07",2017.0,mexico
tenancingo,859.00,"14,757.88","240,664.54",2017.0,mexico
tepetlixpa,36.00,426.96,"9,191.28",2017.0,mexico
texcaltitlan,11.00,188.10,"2,630.00",2017.0,mexico
valle de bravo,255.00,"3,030.00","54,530.50",2017.0,mexico
villa guerrero,233.00,"2,777.24","51,575.53",2017.0,mexico
villa de allende,410.85,"5,250.00","86,625.00",2017.0,mexico
zacazonapan,2.00,23.20,475.60,2017.0,mexico
zacualpan,14.00,250.46,"2,930.38",2017.0,mexico
acuitzio,"1,356.00","13,328.20","260,007.08",2017.0,michoacan
aguililla,60.00,750.00,"12,282.75",2017.0,michoacan
apatzingan,416.82,"4,322.42","70,952.52",2017.0,michoacan
ario,"12,971.00","167,098.50","3,442,262.59",2017.0,michoacan
charapan,"1,200.00","10,200.00","192,780.00",2017.0,michoacan
charo,80.00,548.00,"10,690.80",2017.0,michoacan
chilchota,600.00,"5,400.00","115,338.32",2017.0,michoacan
coalcoman de vazquez pallares,850.00,"10,888.50","193,793.52",2017.0,michoacan
copandaro,2.00,15.00,270.00,2017.0,michoacan
cotija,"2,293.00","24,241.40","508,120.58",2017.0,michoacan
erongaricuaro,514.00,"6,769.38","140,126.17",2017.0,michoacan
hidalgo,45.00,373.50,"4,901.81",2017.0,michoacan
huiramba,127.00,"1,355.09","27,914.85",2017.0,michoacan
irimbo,139.00,"1,090.30","14,127.18",2017.0,michoacan
jiquilpan,65.00,910.00,"12,740.00",2017.0,michoacan
jungapeo,23.50,213.10,"3,030.63",2017.0,michoacan
juarez,40.00,424.12,"7,000.10",2017.0,michoacan
los reyes,"5,604.00","63,622.80","1,294,692.32",2017.0,michoacan
madero,"1,295.00","10,107.50","196,781.38",2017.0,michoacan
maravatio,9.00,65.82,837.93,2017.0,michoacan
morelia,"1,032.00","11,793.80","228,275.94",2017.0,michoacan
nuevo parangaricutiro,"6,950.00","69,995.17","1,516,578.49",2017.0,michoacan
ocampo,76.00,677.24,"9,609.21",2017.0,michoacan
periban,"12,383.00","143,053.80","3,007,505.54",2017.0,michoacan
purepero,511.74,"4,349.79","92,532.11",2017.0,michoacan
patzcuaro,238.00,"2,420.46","50,708.64",2017.0,michoacan
querendaro,15.00,105.00,"2,016.00",2017.0,michoacan
quiroga,130.00,"1,357.20","28,229.76",2017.0,michoacan
salvador escalante,"13,912.00","173,912.05","3,609,075.32",2017.0,michoacan
susupuato,200.00,"2,060.16","29,894.98",2017.0,michoacan
tacambaro,"14,809.00","173,595.00","3,403,612.11",2017.0,michoacan
tancitaro,"22,778.00","218,973.70","5,036,264.20",2017.0,michoacan
tangamandapio,"2,307.00","25,638.45","551,549.89",2017.0,michoacan
tangancicuaro,"1,802.88","18,043.73","390,479.43",2017.0,michoacan
taretan,"1,100.00","13,029.00","286,631.70",2017.0,michoacan
tarimbaro,20.00,136.00,"2,652.00",2017.0,michoacan
tingambato,"3,700.00","42,164.70","920,069.00",2017.0,michoacan
tinguindin,"5,068.70","59,703.57","1,179,761.89",2017.0,michoacan
tlazazalca,177.00,"1,584.50","33,649.85",2017.0,michoacan
tocumbo,891.00,"9,920.20","202,712.01",2017.0,michoacan
turicato,"3,935.00","46,486.50","948,080.05",2017.0,michoacan
tuxpan,337.00,"2,855.40","37,979.56",2017.0,michoacan
tzintzuntzan,23.00,223.79,"4,565.32",2017.0,michoacan
uruapan,"15,101.00","153,505.44","3,460,037.86",2017.0,michoacan
zinapecuaro,60.00,355.00,"7,013.00",2017.0,michoacan
ziracuaretiro,"4,450.00","44,123.00","896,361.80",2017.0,michoacan
zitacuaro,"1,328.50","13,367.90","176,439.59",2017.0,michoacan
cuernavaca,165.00,"1,452.00","11,616.00",2017.0,morelos
huitzilac,4.40,38.28,361.81,2017.0,morelos
ocuituco,"1,570.00","13,497.20","215,242.76",2017.0,morelos
tepoztlan,50.00,490.00,"5,139.25",2017.0,morelos
tetela del volcan,"1,526.00","12,683.17","194,642.45",2017.0,morelos
tlalnepantla,248.00,"2,028.64","18,024.65",2017.0,morelos
tlayacapan,77.00,616.00,"5,670.53",2017.0,morelos
totolapan,108.00,788.40,"7,723.44",2017.0,morelos
yautepec,11.00,90.80,"1,096.62",2017.0,morelos
yecapixtla,406.00,"3,161.08","40,971.27",2017.0,morelos
ahuacatlan,7.00,52.50,718.24,2017.0,nayarit
amatlan de canas,5.00,37.30,392.23,2017.0,nayarit
bahia de banderas,2.00,14.00,84.00,2017.0,nayarit
compostela,12.50,33.35,366.85,2017.0,nayarit
ixtlan del rio,13.00,119.60,"1,535.26",2017.0,nayarit
jala,56.50,518.10,"6,687.33",2017.0,nayarit
ruiz,6.00,31.38,316.94,2017.0,nayarit
san blas,800.00,"10,072.72","71,058.95",2017.0,nayarit
san pedro lagunillas,213.00,426.00,"5,112.00",2017.0,nayarit
santa maria del oro,56.00,440.65,"5,776.29",2017.0,nayarit
tepic,"2,037.22","19,650.18","251,798.20",2017.0,nayarit
xalisco,"1,863.80","17,850.01","232,150.36",2017.0,nayarit
acatic,105.40,"1,435.27","29,159.39",2018.0,jalisco
acatlan de juarez,29.00,426.30,"6,301.91",2018.0,jalisco
ahualulco de mercado,65.00,702.25,"10,532.13",2018.0,jalisco
amacueca,186.00,"2,090.64","37,303.35",2018.0,jalisco
ameca,110.00,"1,518.00","32,106.02",2018.0,jalisco
arandas,166.00,"2,054.40","40,000.69",2018.0,jalisco
atengo,120.00,"1,310.04","19,187.88",2018.0,jalisco
atenguillo,20.00,235.06,"4,922.13",2018.0,jalisco
atotonilco el alto,255.00,"4,559.40","81,658.31",2018.0,jalisco
atoyac,322.98,"3,726.91","65,035.36",2018.0,jalisco
autlan de navarro,74.00,651.20,"12,033.52",2018.0,jalisco
ayotlan,101.00,"1,577.62","26,500.43",2018.0,jalisco
ayutla,26.00,270.00,"5,437.80",2018.0,jalisco
cabo corrientes,13.00,103.54,"2,146.05",2018.0,jalisco
chiquilistlan,166.30,"1,829.30","31,317.01",2018.0,jalisco
concepcion de buenos aires,"1,289.08","12,563.67","245,992.90",2018.0,jalisco
cuautitlan de garcia barragan,107.00,868.84,"19,548.88",2018.0,jalisco
degollado,78.00,"1,404.00","22,371.69",2018.0,jalisco
el arenal,55.00,520.00,"10,523.82",2018.0,jalisco
el limon,1.50,4.80,104.64,2018.0,jalisco
etzatlan,23.00,247.80,"3,719.46",2018.0,jalisco
gomez farias,"1,461.33","13,569.95","172,528.59",2018.0,jalisco
ixtlahuacan del rio,41.00,524.80,"9,929.16",2018.0,jalisco
jesus maria,90.00,"1,140.00","22,140.49",2018.0,jalisco
jocotepec,30.00,465.00,"7,538.75",2018.0,jalisco
la barca,35.00,432.25,"9,355.99",2018.0,jalisco
la manzanilla de la paz,228.55,"2,248.39","42,064.37",2018.0,jalisco
magdalena,9.00,100.35,"2,172.16",2018.0,jalisco
mascota,103.45,"1,365.95","29,344.69",2018.0,jalisco
mazamitla,285.78,"2,413.44","45,772.53",2018.0,jalisco
mixtlan,14.00,169.40,"3,606.51",2018.0,jalisco
ocotlan,1.00,14.65,247.41,2018.0,jalisco
pihuamo,45.00,552.50,"9,465.44",2018.0,jalisco
puerto vallarta,15.00,121.49,"2,498.95",2018.0,jalisco
quitupan,443.55,"4,181.33","79,553.46",2018.0,jalisco
san cristobal de la barranca,4.00,48.80,689.71,2018.0,jalisco
san gabriel,"2,081.89","18,528.82","232,409.21",2018.0,jalisco
san juanito de escobedo,19.00,205.10,"3,042.25",2018.0,jalisco
san pedro tlaquepaque,8.00,132.00,"3,126.17",2018.0,jalisco
san sebastian del oeste,11.00,114.30,"2,495.93",2018.0,jalisco
santa maria de los angeles,7.00,66.50,914.65,2018.0,jalisco
sayula,907.50,"8,621.25","117,144.68",2018.0,jalisco
tala,50.50,460.00,"9,221.39",2018.0,jalisco
talpa de allende,22.00,233.31,"5,075.65",2018.0,jalisco
tamazula de gordiano,554.00,"7,960.98","126,056.94",2018.0,jalisco
tapalpa,682.00,"7,556.56","130,758.64",2018.0,jalisco
tecalitlan,186.00,"2,455.00","43,232.89",2018.0,jalisco
techaluta de montenegro,75.10,699.67,"11,914.64",2018.0,jalisco
tecolotlan,60.00,745.31,"9,571.44",2018.0,jalisco
tenamaxtlan,7.40,58.83,"1,028.64",2018.0,jalisco
teocuitatlan de corona,50.55,541.54,"9,808.64",2018.0,jalisco
tepatitlan de morelos,170.00,"2,240.20","46,607.72",2018.0,jalisco
tequila,21.00,246.15,"5,444.08",2018.0,jalisco
teuchitlan,2.00,17.80,358.16,2018.0,jalisco
tizapan el alto,20.00,260.00,"4,363.81",2018.0,jalisco
tlajomulco de zuniga,25.50,358.50,"5,242.87",2018.0,jalisco
toliman,102.50,"1,040.56","14,433.50",2018.0,jalisco
tonila,696.00,"9,396.00","129,398.96",2018.0,jalisco
tototlan,25.00,383.00,"6,886.10",2018.0,jalisco
tuxcueca,44.00,682.00,"10,998.83",2018.0,jalisco
tuxpan,"1,027.00","13,597.48","181,262.43",2018.0,jalisco
valle de juarez,51.00,588.10,"10,943.75",2018.0,jalisco
villa purificacion,110.00,717.20,"16,140.01",2018.0,jalisco
zacoalco de torres,34.30,348.12,"6,148.52",2018.0,jalisco
zapopan,25.00,390.25,"5,495.37",2018.0,jalisco
zapotiltic,971.85,"13,732.24","192,445.81",2018.0,jalisco
zapotitlan de vadillo,275.00,"3,016.78","39,930.43",2018.0,jalisco
zapotlanejo,23.00,299.00,"5,628.21",2018.0,jalisco
zapotlan el grande,"4,001.90","38,233.47","495,431.24",2018.0,jalisco
almoloya de alquisiras,517.00,"5,194.20","80,049.94",2018.0,mexico
amanalco,26.00,336.00,"4,295.42",2018.0,mexico
amatepec,141.86,638.50,"11,403.46",2018.0,mexico
atlautla,139.00,"1,510.28","34,005.91",2018.0,mexico
coatepec harinas,"1,686.00","22,000.80","339,202.93",2018.0,mexico
donato guerra,"1,180.00","14,572.96","333,727.25",2018.0,mexico
ecatzingo,34.00,322.96,"6,821.83",2018.0,mexico
ixtapan de la sal,36.00,355.60,"5,487.68",2018.0,mexico
ixtapan del oro,140.00,"1,490.00","26,048.90",2018.0,mexico
joquicingo,140.00,"1,981.00","22,430.05",2018.0,mexico
luvianos,113.50,947.00,"18,940.00",2018.0,mexico
malinalco,185.00,"1,879.00","28,047.72",2018.0,mexico
ocuilan,175.00,"1,835.00","28,254.44",2018.0,mexico
otzoloapan,6.00,68.00,907.89,2018.0,mexico
ozumba,48.00,483.64,"11,217.69",2018.0,mexico
san simon de guerrero,327.00,"2,543.55","45,173.57",2018.0,mexico
santo tomas,8.00,85.00,854.22,2018.0,mexico
sultepec,180.00,"1,674.00","26,109.80",2018.0,mexico
tejupilco,54.75,448.95,"8,081.10",2018.0,mexico
temascaltepec,"1,526.00","12,955.76","243,226.53",2018.0,mexico
tenancingo,837.00,"9,746.36","149,817.41",2018.0,mexico
tepetlixpa,36.00,400.80,"9,344.44",2018.0,mexico
texcaltitlan,22.00,222.20,"3,253.11",2018.0,mexico
valle de bravo,666.00,"7,299.10","144,534.04",2018.0,mexico
villa guerrero,168.00,"2,100.00","41,449.61",2018.0,mexico
villa de allende,458.00,"6,125.25","93,512.70",2018.0,mexico
zacazonapan,3.00,28.10,549.28,2018.0,mexico
zacualpan,10.00,92.20,"1,459.53",2018.0,mexico
acuitzio,"1,687.00","17,052.80","336,255.66",2018.0,michoacan
aguililla,45.00,552.50,"7,244.39",2018.0,michoacan
apatzingan,592.00,"6,109.44","101,493.87",2018.0,michoacan
ario,"14,233.00","173,511.39","3,576,653.60",2018.0,michoacan
charapan,"1,400.00","12,698.00","236,987.60",2018.0,michoacan
charo,93.00,773.10,"14,348.52",2018.0,michoacan
chilchota,605.00,"5,456.87","110,538.02",2018.0,michoacan
coalcoman de vazquez pallares,523.00,"6,668.25","97,123.46",2018.0,michoacan
copandaro,2.00,18.00,311.80,2018.0,michoacan
cotija,"2,481.00","26,495.00","554,941.11",2018.0,michoacan
erongaricuaro,570.00,"7,962.90","167,984.70",2018.0,michoacan
hidalgo,45.00,377.44,"4,777.26",2018.0,michoacan
huiramba,147.00,"1,607.00","33,058.37",2018.0,michoacan
irimbo,167.00,"1,289.10","17,632.72",2018.0,michoacan
jiquilpan,65.00,720.00,"10,750.00",2018.0,michoacan
jungapeo,23.50,204.45,"2,818.76",2018.0,michoacan
juarez,40.00,427.16,"5,496.18",2018.0,michoacan
los reyes,"5,848.00","66,696.40","1,401,069.62",2018.0,michoacan
madero,"1,310.00","12,474.00","237,587.77",2018.0,michoacan
maravatio,9.00,63.51,913.95,2018.0,michoacan
morelia,"1,074.00","12,973.60","253,905.08",2018.0,michoacan
nuevo parangaricutiro,"7,320.00","78,695.00","1,585,265.74",2018.0,michoacan
ocampo,83.00,652.78,"8,521.50",2018.0,michoacan
periban,"12,343.00","142,975.48","3,090,518.02",2018.0,michoacan
purepero,511.74,"4,354.91","88,315.52",2018.0,michoacan
patzcuaro,328.00,"3,444.00","70,788.91",2018.0,michoacan
querendaro,18.00,180.00,"3,534.94",2018.0,michoacan
quiroga,140.00,"1,470.00","29,111.37",2018.0,michoacan
salvador escalante,"15,245.00","182,929.36","3,907,020.96",2018.0,michoacan
susupuato,200.00,"2,040.00","26,145.37",2018.0,michoacan
tacambaro,"16,455.00","180,463.00","3,367,481.22",2018.0,michoacan
tancitaro,"23,400.00","237,435.00","4,960,280.89",2018.0,michoacan
tangamandapio,"2,307.00","26,029.09","551,669.69",2018.0,michoacan
tangancicuaro,"1,802.88","18,333.24","378,489.51",2018.0,michoacan
taretan,"1,448.00","14,355.50","317,623.90",2018.0,michoacan
tarimbaro,20.00,152.00,"2,897.97",2018.0,michoacan
tingambato,"4,600.00","43,875.00","941,391.72",2018.0,michoacan
tinguindin,"5,160.00","60,264.93","1,250,343.29",2018.0,michoacan
tlazazalca,177.00,"1,586.27","33,254.63",2018.0,michoacan
tocumbo,991.00,"11,177.80","233,176.45",2018.0,michoacan
turicato,"5,315.00","55,046.50","1,055,318.21",2018.0,michoacan
tuxpan,337.00,"2,883.30","41,848.71",2018.0,michoacan
tzintzuntzan,27.00,264.00,"5,177.09",2018.0,michoacan
uruapan,"15,800.00","176,542.00","3,850,029.06",2018.0,michoacan
zinapecuaro,68.00,365.63,"6,851.84",2018.0,michoacan
ziracuaretiro,"4,950.00","50,700.00","1,037,972.78",2018.0,michoacan
zitacuaro,"1,325.00","13,174.01","174,504.15",2018.0,michoacan
cuernavaca,165.00,"1,468.50","13,804.96",2018.0,morelos
huitzilac,19.50,187.20,"2,255.16",2018.0,morelos
ocuituco,"1,971.00","15,893.90","203,007.99",2018.0,morelos
tepoztlan,80.00,756.00,"9,294.12",2018.0,morelos
tetela del volcan,"1,852.00","14,611.71","184,494.79",2018.0,morelos
tlalnepantla,384.00,"3,724.80","45,336.58",2018.0,morelos
tlayacapan,75.00,667.50,"8,548.75",2018.0,morelos
totolapan,158.00,"1,580.00","19,671.74",2018.0,morelos
yautepec,11.20,104.68,"1,278.16",2018.0,morelos
yecapixtla,506.00,"3,885.82","43,198.56",2018.0,morelos
zacualpan,98.00,763.96,"8,901.95",2018.0,morelos
ahuacatlan,9.00,73.80,827.46,2018.0,nayarit
amatlan de canas,6.00,50.70,515.00,2018.0,nayarit
bahia de banderas,2.00,18.00,90.00,2018.0,nayarit
compostela,12.50,77.40,634.69,2018.0,nayarit
ixtlan del rio,13.00,117.65,"1,328.79",2018.0,nayarit
jala,59.00,576.75,"7,622.89",2018.0,nayarit
ruiz,6.00,31.74,382.75,2018.0,nayarit
san blas,800.00,"7,500.08","95,560.54",2018.0,nayarit
san pedro lagunillas,213.00,"1,395.15","11,440.23",2018.0,nayarit
santa maria del oro,56.00,509.60,"6,317.81",2018.0,nayarit
tepic,"2,378.50","21,934.92","318,193.97",2018.0,nayarit
xalisco,"2,763.41","25,277.25","364,335.76",2018.0,nayarit
acatic,105.40,"1,564.80","27,821.21",2019.0,jalisco
acatlan de juarez,29.00,428.71,"10,127.60",2019.0,jalisco
ahualulco de mercado,65.00,730.60,"16,167.03",2019.0,jalisco
amacueca,186.00,"2,811.50","69,600.45",2019.0,jalisco
ameca,112.00,"1,478.40","35,303.13",2019.0,jalisco
arandas,166.00,"2,354.00","40,480.56",2019.0,jalisco
atenguillo,80.00,953.60,"21,363.38",2019.0,jalisco
atotonilco el alto,255.00,"4,539.00","114,986.35",2019.0,jalisco
atoyac,322.98,"4,865.70","117,296.60",2019.0,jalisco
autlan de navarro,74.00,547.32,"10,885.87",2019.0,jalisco
ayotlan,118.00,"1,864.40","51,598.30",2019.0,jalisco
ayutla,26.00,257.87,"4,956.22",2019.0,jalisco
cabo corrientes,13.00,97.25,"2,056.88",2019.0,jalisco
chiquilistlan,62.00,776.92,"14,632.47",2019.0,jalisco
concepcion de buenos aires,"1,546.78","13,524.31","325,776.29",2019.0,jalisco
cuautitlan de garcia barragan,135.00,"1,081.00","22,196.78",2019.0,jalisco
degollado,78.00,"1,490.00","42,203.42",2019.0,jalisco
el arenal,55.00,557.15,"11,913.29",2019.0,jalisco
el limon,1.50,5.25,81.47,2019.0,jalisco
etzatlan,23.00,271.86,"6,123.26",2019.0,jalisco
gomez farias,"1,461.33","15,405.50","284,245.02",2019.0,jalisco
ixtlahuacan del rio,46.00,527.44,"15,260.63",2019.0,jalisco
jesus maria,90.00,992.00,"16,061.17",2019.0,jalisco
jocotepec,30.00,450.00,"11,691.00",2019.0,jalisco
la barca,37.00,481.00,"9,606.16",2019.0,jalisco
la manzanilla de la paz,248.55,"2,746.56","55,418.54",2019.0,jalisco
magdalena,10.00,115.70,"2,691.39",2019.0,jalisco
mascota,115.45,"1,372.70","31,578.54",2019.0,jalisco
mazamitla,583.00,"7,866.10","188,505.05",2019.0,jalisco
mixtlan,34.00,423.64,"9,755.22",2019.0,jalisco
ocotlan,1.00,14.45,275.74,2019.0,jalisco
pihuamo,48.00,415.68,"8,177.54",2019.0,jalisco
puerto vallarta,15.00,108.00,"2,310.46",2019.0,jalisco
quitupan,520.79,"6,885.00","180,631.56",2019.0,jalisco
san cristobal de la barranca,4.00,49.04,"1,126.45",2019.0,jalisco
san gabriel,"2,081.89","20,589.89","377,848.57",2019.0,jalisco
san juanito de escobedo,19.00,220.78,"4,693.89",2019.0,jalisco
san pedro tlaquepaque,8.00,132.66,"4,006.77",2019.0,jalisco
san sebastian del oeste,30.00,311.40,"6,962.20",2019.0,jalisco
santa maria de los angeles,9.00,85.70,"1,290.09",2019.0,jalisco
sayula,907.50,"10,880.93","187,386.48",2019.0,jalisco
tala,50.50,503.49,"11,134.06",2019.0,jalisco
talpa de allende,22.00,242.66,"5,203.24",2019.0,jalisco
tamazula de gordiano,554.00,"8,211.90","206,980.86",2019.0,jalisco
tapalpa,682.00,"8,871.75","173,813.37",2019.0,jalisco
tecalitlan,189.00,"1,768.90","35,394.97",2019.0,jalisco
techaluta de montenegro,75.10,"1,080.79","25,667.10",2019.0,jalisco
tecolotlan,60.00,756.78,"14,614.94",2019.0,jalisco
tenamaxtlan,7.40,58.90,"1,068.33",2019.0,jalisco
teocuitatlan de corona,50.55,711.65,"17,582.98",2019.0,jalisco
tepatitlan de morelos,323.50,"4,498.25","85,772.95",2019.0,jalisco
tequila,21.00,251.58,"5,936.96",2019.0,jalisco
teuchitlan,2.00,19.76,437.17,2019.0,jalisco
tizapan el alto,20.00,280.00,"6,044.40",2019.0,jalisco
tlajomulco de zuniga,26.50,360.25,"8,654.46",2019.0,jalisco
toliman,114.38,"1,233.57","22,541.79",2019.0,jalisco
tonila,796.00,"10,634.48","191,098.19",2019.0,jalisco
tototlan,30.00,535.50,"14,069.41",2019.0,jalisco
tuxcueca,44.00,682.00,"17,635.98",2019.0,jalisco
tuxpan,"1,030.00","13,802.00","252,915.03",2019.0,jalisco
valle de juarez,58.60,731.28,"15,649.77",2019.0,jalisco
villa purificacion,110.00,718.00,"14,862.54",2019.0,jalisco
zacoalco de torres,34.30,516.40,"12,848.54",2019.0,jalisco
zapopan,25.00,438.43,"10,393.76",2019.0,jalisco
zapotiltic,983.00,"13,634.21","250,517.84",2019.0,jalisco
zapotitlan de vadillo,275.00,"3,115.75","56,937.28",2019.0,jalisco
zapotlanejo,23.00,263.81,"7,993.73",2019.0,jalisco
zapotlan el grande,"4,001.90","44,966.36","843,655.19",2019.0,jalisco
almoloya de alquisiras,522.00,"6,876.60","129,727.67",2019.0,mexico
amanalco,31.00,416.95,"9,809.08",2019.0,mexico
amatepec,141.86,897.50,"17,228.73",2019.0,mexico
atlautla,150.00,"1,736.31","39,343.46",2019.0,mexico
coatepec harinas,"1,908.00","33,684.12","766,939.17",2019.0,mexico
donato guerra,"1,198.00","16,058.95","353,189.86",2019.0,mexico
ecatzingo,40.00,420.40,"9,663.95",2019.0,mexico
ixtapan de la sal,20.00,204.32,"4,030.39",2019.0,mexico
ixtapan del oro,159.00,"2,058.25","47,698.27",2019.0,mexico
joquicingo,140.00,"3,094.00","37,412.40",2019.0,mexico
luvianos,113.50,959.08,"22,416.15",2019.0,mexico
malinalco,330.00,"4,200.30","78,821.21",2019.0,mexico
ocuilan,202.00,"2,131.00","41,292.96",2019.0,mexico
otzoloapan,7.00,80.50,"1,713.94",2019.0,mexico
ozumba,55.00,592.01,"14,359.02",2019.0,mexico
san simon de guerrero,327.00,"2,765.20","54,937.44",2019.0,mexico
santo tomas,9.00,99.00,"2,077.17",2019.0,mexico
sultepec,180.00,"1,746.00","33,839.99",2019.0,mexico
tejupilco,54.75,454.43,"8,680.45",2019.0,mexico
temascaltepec,"1,526.00","14,269.80","278,050.22",2019.0,mexico
tenancingo,836.00,"11,866.88","217,882.71",2019.0,mexico
tepetlixpa,31.00,414.31,"9,995.60",2019.0,mexico
texcaltitlan,21.00,240.20,"4,671.82",2019.0,mexico
valle de bravo,98.00,965.30,"21,116.21",2019.0,mexico
villa guerrero,243.00,"3,077.68","60,870.19",2019.0,mexico
villa de allende,490.00,"7,046.20","151,587.99",2019.0,mexico
zacazonapan,3.00,34.80,817.80,2019.0,mexico
zacualpan,10.00,93.00,"1,779.32",2019.0,mexico
acuitzio,"1,692.00","17,280.97","315,831.14",2019.0,michoacan
aguililla,36.00,438.00,"9,523.26",2019.0,michoacan
apatzingan,592.00,"6,109.44","109,986.54",2019.0,michoacan
ario,"15,523.00","186,903.50","4,081,600.84",2019.0,michoacan
charapan,"1,600.00","15,200.00","331,730.42",2019.0,michoacan
charo,108.00,917.14,"16,810.91",2019.0,michoacan
chilchota,605.00,"5,612.00","153,042.81",2019.0,michoacan
coalcoman de vazquez pallares,478.00,"5,500.00","125,601.96",2019.0,michoacan
copandaro,2.00,17.20,311.85,2019.0,michoacan
cotija,"2,533.00","27,727.90","743,794.18",2019.0,michoacan
erongaricuaro,612.00,"8,139.60","161,808.57",2019.0,michoacan
hidalgo,51.00,413.19,"6,055.84",2019.0,michoacan
huiramba,182.00,"1,990.17","41,399.14",2019.0,michoacan
irimbo,182.00,"1,297.44","18,933.89",2019.0,michoacan
jiquilpan,70.00,710.00,"24,108.99",2019.0,michoacan
jungapeo,23.50,204.97,"2,976.67",2019.0,michoacan
juarez,40.00,432.32,"6,339.96",2019.0,michoacan
los reyes,"6,250.00","73,121.20","1,921,473.65",2019.0,michoacan
madero,"1,318.00","14,048.56","255,701.77",2019.0,michoacan
maravatio,9.00,70.00,"1,029.42",2019.0,michoacan
morelia,"1,108.00","11,946.00","216,988.25",2019.0,michoacan
nuevo parangaricutiro,"8,020.00","82,074.00","1,805,169.92",2019.0,morelos
ocampo,87.00,655.75,"9,552.88",2019.0,morelos
periban,"11,597.00","137,424.90","3,546,513.37",2019.0,morelos
purepero,518.74,"4,561.16","86,764.24",2019.0,morelos
patzcuaro,608.00,"6,444.80","141,458.72",2019.0,morelos
querendaro,18.00,168.75,"3,027.37",2019.0,morelos
quiroga,193.00,"2,045.80","44,545.62",2019.0,morelos
salvador escalante,"16,005.00","188,193.06","4,099,221.52",2019.0,morelos
susupuato,203.30,"2,044.18","29,855.21",2019.0,morelos
tacambaro,"16,709.00","176,518.02","3,821,552.26",2019.0,morelos
tancitaro,"23,650.00","226,710.00","4,878,354.24",2019.0,morelos
tangamandapio,"2,337.00","26,156.10","728,460.37",2019.0,morelos
tangancicuaro,"1,812.88","18,570.26","495,794.03",2019.0,morelos
taretan,"1,850.00","18,420.00","407,149.60",2019.0,morelos
tarimbaro,2.00,15.60,281.98,2019.0,morelos
tingambato,"4,600.00","43,975.00","954,782.90",2019.0,morelos
tinguindin,"5,529.00","66,144.50","1,819,857.15",2019.0,morelos
tlazazalca,180.00,"1,688.00","44,532.94",2019.0,morelos
tocumbo,"1,001.00","11,455.40","300,384.25",2019.0,morelos
turicato,"5,675.00","63,754.00","1,442,458.33",2019.0,morelos
tuxpan,357.00,"2,861.24","41,838.48",2019.0,morelos
tzintzuntzan,37.00,366.30,"7,938.82",2019.0,morelos
uruapan,"16,200.00","166,692.00","3,763,909.57",2019.0,morelos
zinapecuaro,99.00,775.50,"14,005.07",2019.0,morelos
ziracuaretiro,"4,950.00","51,469.00","1,096,429.69",2019.0,morelos
zitacuaro,"1,325.00","12,509.26","181,466.41",2019.0,morelos
cuernavaca,165.50,"1,489.50","19,403.21",2019.0,morelos
huitzilac,19.50,173.55,"2,913.06",2019.0,morelos
ocuituco,"2,053.00","18,724.18","274,287.16",2019.0,morelos
tepoztlan,84.00,856.80,"13,459.27",2019.0,morelos
tetela del volcan,"1,795.00","17,586.24","268,270.17",2019.0,morelos
tlalnepantla,445.00,"4,272.00","63,201.68",2019.0,morelos
tlayacapan,75.00,675.00,"11,556.29",2019.0,morelos
totolapan,456.00,"4,564.56","71,138.94",2019.0,morelos
yautepec,13.00,132.27,"3,026.06",2019.0,morelos
yecapixtla,513.00,"4,023.00","52,404.12",2019.0,morelos
zacualpan,100.00,768.37,"14,273.67",2019.0,morelos
ahuacatlan,29.00,255.20,"3,833.10",2019.0,nayarit
amatlan de canas,7.00,59.20,849.28,2019.0,nayarit
compostela,13.50,150.44,"1,936.69",2019.0,nayarit
ixtlan del rio,13.00,117.00,"1,894.68",2019.0,nayarit
jala,115.50,"1,210.55","18,625.68",2019.0,nayarit
ruiz,6.00,32.60,410.76,2019.0,nayarit
san blas,800.00,"8,539.68","91,085.70",2019.0,nayarit
san pedro lagunillas,223.00,"2,284.00","29,534.36",2019.0,nayarit
santa maria del oro,59.00,607.70,"9,440.42",2019.0,nayarit
tepic,"2,605.50","25,809.42","354,614.91",2019.0,nayarit
xalisco,"2,908.41","27,992.77","383,730.33",2019.0,nayarit
